ITEM,MONTH,NSW,VIC,QLD,SA,WA,TAS,ACT,NT,TOTAL
23,Jul-93,2297810,1417738,1043903,535509,543593,149059,95964,24577,6108153
23,Aug-93,2242964,1504748,1084958,533704,509748,160961,93860,28574,6159517
23,Sep-93,2215614,1488788,1084071,527546,495113,148982,93776,28731,6082621
23,Oct-93,1907884,1380730,972756,421429,447120,142042,78242,23569,5373772
23,Nov-93,2216064,1351176,1019770,482263,487550,144343,88992,27992,5818150
23,Dec-93,1868173,1347016,936319,418508,430530,129462,79600,26935,5236543
23,Jan-94,1878870,1268915,986986,444606,430769,127204,78037,25642,5241029
23,Feb-94,1861243,1267994,993319,413042,481361,122626,78973,26786,5245344
23,Mar-94,2181696,1460232,1149670,547919,420055,155247,89351,30927,6035097
23,Apr-94,1918647,1255089,965105,416243,519676,130112,83657,25254,5313783
23,May-94,2324445,1484484,1129505,492567,567954,159855,97391,29620,6285821
23,Jun-94,2115321,1646404,1100317,556531,493081,142080,89831,26356,6169921
23,Jul-94,2094829,1407340,1190512,496389,530163,141992,89926,27255,5978406
23,Aug-94,2672253,1649563,1245339,545668,592903,187825,110238,34400,7038189
23,Sep-94,2276097,1569426,1139737,521163,558530,151795,96844,29963,6343555
23,Oct-94,1956471,1328399,977603,465430,481267,143779,82778,28100,5463827
23,Nov-94,2141112,1464258,1127112,538696,535270,147947,86105,29912,6070412
23,Dec-94,1787961,1313960,948483,419946,433720,120284,75846,27992,5128192
23,Jan-95,2121202,1357356,1041199,447218,514056,144317,83665,30343,5739356
23,Feb-95,1959907,1202462,1003807,441233,476448,124418,79654,29862,5317791
23,Mar-95,2034322,1461664,1119247,511522,483134,154931,87679,33874,5886373
23,Apr-95,1955436,1268869,950875,424906,412311,124039,78020,30617,5245073
23,May-95,2521420,1686492,1186800,511395,546526,172737,105689,33885,6764944
23,Jun-95,2341835,1727983,1112216,543702,517672,153871,97127,30511,6524917
23,Jul-95,2280851,1490721,1085624,502935,586335,171404,90306,30492,6238668
23,Aug-95,2937508,1735135,1519180,571366,614432,180258,111607,36863,7706349
23,Sep-95,2441404,1568873,1125570,587844,582495,161902,102191,35518,6605797
23,Oct-95,2111037,1772968,1133017,522013,606450,154502,83925,33094,6417006
23,Nov-95,2067139,1448537,1000624,510270,504545,169235,89547,34914,5824811
23,Dec-95,1955846,1330050,1016461,428334,400290,123250,86916,30803,5371950
23,Jan-96,2287987,1423610,1160084,509581,546998,151911,88502,36206,6204879
23,Feb-96,2079636,1369213,1066057,454620,465558,129727,80921,31079,5676811
23,Mar-96,2135605,1460861,997607,468533,500256,144221,82826,33084,5822993
23,Apr-96,2116083,1435729,1146755,465385,557408,148181,85468,31529,5986538
23,May-96,2670246,1697931,1264998,588953,633426,179018,113718,38172,7186462
23,Jun-96,2074901,1567846,1022567,474401,489488,139608,88500,29248,5886559
23,Jul-96,2363865,1734474,1356394,568508,633337,178571,98896,32639,6966684
23,Aug-96,2437496,1696307,1199219,535112,594028,168073,104388,33170,6767793
23,Sep-96,2343197,1596607,1268050,533983,510309,160955,95672,33276,6542049
23,Oct-96,2279409,1611790,1151258,520152,586089,154676,94893,34449,6432716
23,Nov-96,2232467,1453119,1146816,506089,575839,150200,97428,33766,6195724
23,Dec-96,1770248,1372038,957702,476601,456711,138484,77283,31433,5280500
23,Jan-97,2228291,1538492,1141573,508312,529879,152039,87648,33527,6219761
23,Feb-97,1889845,1232905,1057010,430011,461131,125755,78621,30591,5305869
23,Mar-97,1986172,1308282,1009991,468925,472965,124799,82027,33820,5486981
23,Apr-97,2395397,1650947,1174503,527491,552309,160186,99597,34505,6594935
23,May-97,2369117,1615202,1131805,496252,588932,164661,100751,32094,6498814
23,Jun-97,2168490,1561069,1114398,499304,522799,154035,91631,30684,6142410
23,Jul-97,2691615,1781463,1250167,582626,598744,172503,114639,34967,7226724
23,Aug-97,2458709,1643997,1240730,578216,651196,163319,112428,34258,6882853
23,Sep-97,2456660,1582548,1302155,564519,588847,160605,101120,35134,6791588
23,Oct-97,2149110,1565537,1184880,523055,594008,152516,92608,34064,6295778
23,Nov-97,2151046,1414076,1062006,501949,501614,141776,86384,35477,5894328
23,Dec-97,1794282,1360230,1079207,472063,511287,133768,75664,31185,5457686
23,Jan-98,2128685,1398491,1105953,453003,459131,133662,82296,30674,5791895
23,Feb-98,2042373,1286648,1109488,404815,507656,126884,80387,27113,5585364
23,Mar-98,2255176,1479448,1222898,542046,502722,147242,89856,35969,6275357
23,Apr-98,2262355,1468342,1111893,499606,574597,145281,92382,32596,6187052
23,May-98,2257732,1612154,1191163,529218,551413,152046,93084,31042,6417852
23,Jun-98,2220050,1486009,1121659,521697,561716,132647,89744,30474,6163996
23,Jul-98,2628063,1848001,1317160,558409,622255,179367,104842,32036,7290133
23,Aug-98,2279304,1641324,1267161,536590,577077,158351,97297,28622,6585726
23,Sep-98,2469187,1649061,1209293,614702,592926,154917,101507,35351,6826944
23,Oct-98,2216004,1549123,1136109,540813,567016,148360,91729,34725,6283879
23,Nov-98,2161539,1397309,1158698,481063,535936,136858,92760,31981,5996144
23,Dec-98,1893010,1401030,1060486,484206,516713,132371,81162,30617,5599595
23,Jan-99,2008916,1300618,998144,429353,450221,124510,79083,31532,5422377
23,Feb-99,2032213,1351817,1086945,449687,495828,123930,80836,30384,5651640
23,Mar-99,2397785,1560330,1269719,513935,565223,151962,93164,34300,6586418
23,Apr-99,2243099,1582102,1083852,501486,538658,143078,89929,35246,6217450
23,May-99,2230593,1452158,1153929,515411,531766,137458,89568,32474,6143357
23,Jun-99,2234993,1506086,1129957,525388,562921,138573,92390,32645,6222953
23,Jul-99,2407872,1628007,1233253,531938,564522,149678,98437,29842,6643549
23,Aug-99,2383464,1723898,1170043,525689,610385,159559,96999,32044,6702081
23,Sep-99,2566583,1650629,1261379,532792,589435,153779,102594,34176,6891367
23,Oct-99,2094890,1518181,1068756,477643,544947,138730,84371,30994,5958512
23,Nov-99,2113214,1489872,1193646,518129,554583,140125,91018,33208,6133795
23,Dec-99,2058525,1393170,1049881,459821,522949,131625,79667,30423,5726061
23,Jan-00,1902704,1293326,981846,409887,458413,116286,72392,27899,5262753
23,Feb-00,2009981,1348826,1055783,445695,509333,125776,80935,30613,5606942
23,Mar-00,2409826,1578692,1262548,535629,568383,146587,93282,34198,6629145
23,Apr-00,1968985,1410074,985628,433372,473866,123072,77974,26252,5499223
23,May-00,2422103,1675834,1208346,524669,579660,150093,98933,32914,6692552
23,Jun-00,2268385,1575669,1185568,494250,553014,135336,91202,30979,6334403
23,Jul-00,2161607,1531105,1130648,561933,540482,136822,84285,29339,6176221
23,Aug-00,2648099,1730510,1277394,563334,620247,155081,108014,30659,7133338
23,Sep-00,2284878,1521608,1145529,540917,571978,138055,91291,31850,6326106
23,Oct-00,2087525,1548426,1143016,497818,539453,140368,84219,31216,6072041
23,Nov-00,2175543,1525906,1171557,500713,566284,140377,87786,32493,6200659
23,Dec-00,1838993,1245640,903056,409014,455026,114260,76666,26521,5069176
23,Jan-01,2039231,1398170,1094206,494985,500503,134292,81252,33569,5776208
23,Feb-01,2079980,1462665,1166869,452564,539744,131133,78850,30234,5942039
23,Mar-01,2399387,1549416,1241969,550847,580218,144770,91065,37145,6594817
23,Apr-01,2066159,1403519,1072440,491296,505572,135620,83626,29767,5787999
23,May-01,2512192,1738829,1240942,530999,617866,164003,98508,33567,6936906
23,Jun-01,2188943,1528749,1146164,522874,524194,139406,85421,31484,6167235
23,Jul-01,2513057,1564685,1255829,518400,606830,160147,94760,28908,6742616
23,Aug-01,2488629,1774107,1319692,563429,632810,175403,99051,32358,7085479
23,Sep-01,2208288,1536867,1171369,501772,561490,146255,88154,32765,6246960
23,Oct-01,2400994,1611758,1253212,547127,589932,162919,92169,35803,6693914
23,Nov-01,2219642,1527978,1200547,522123,576944,150904,87809,35785,6321732
23,Dec-01,1773599,1262765,917846,414881,450755,121606,70888,29098,5041438
23,Jan-02,2078466,1416412,1131774,475971,528148,137758,77576,31439,5877544
23,Feb-02,1990956,1291379,1035474,441943,500790,127284,74623,29344,5491793
23,Mar-02,2215856,1473568,1107947,460323,501932,141491,81809,30427,6013353
23,Apr-02,2288284,1558291,1162758,505694,558635,151309,87484,31290,6343745
23,May-02,2452283,1847802,1229371,548314,623300,175882,94633,30826,7002411
23,Jun-02,2175441,1470084,1068531,480071,518412,132714,81067,27025,5953345
23,Jul-02,2480155,1715069,1286410,569579,602381,163124,94681,30614,6942013
23,Aug-02,2396023,1649223,1236342,515923,601836,163942,87819,29648,6680756
23,Sep-02,2244515,1565459,1110962,514513,539420,147887,84036,30616,6237408
23,Oct-02,2291872,1660724,1183475,504614,588323,151676,85675,33260,6499619
23,Nov-02,2077823,1446148,1060725,478353,534123,137554,77111,29440,5841277
23,Dec-02,1904371,1265615,961211,436854,484988,131720,69844,30631,5285234
23,Jan-03,1969314,1430631,1029029,435742,507351,130928,70587,27513,5601095
23,Feb-03,1972067,1341721,1009641,440321,492974,123015,69083,26127,5474949
23,Mar-03,2208706,1470299,1127975,504217,503020,137733,75122,31756,6058828
23,Apr-03,2185544,1474022,1083120,467308,525515,138987,81994,27202,5983692
23,May-03,2277926,1559647,1137041,490306,574849,145599,82535,28680,6296583
23,Jun-03,2065129,1408675,1022048,454809,516625,127411,74753,27038,5696488
23,Jul-03,2385027,1629304,1205280,532571,573571,156502,85851,28601,6596707
23,Aug-03,2375760,1587470,1162400,485603,560553,154351,85004,26519,6437660
23,Sep-03,2360649,1596567,1206340,558499,579212,143663,89334,30410,6564674
23,Oct-03,2213505,1527802,1159603,501028,597641,149359,80911,32115,6261964
23,Nov-03,2006868,1420587,1027217,457765,506322,127749,74581,27112,5648201
23,Dec-03,2014073,1352053,1002837,442650,499037,132938,72864,29151,5545603
23,Jan-04,2035040,1316449,1025573,408480,474758,118253,69443,26935,5474931
23,Feb-04,1961651,1295336,1032231,451382,477866,121102,69391,26182,5435141
23,Mar-04,2341038,1624240,1187282,508471,569588,142376,81158,33562,6487715
23,Apr-04,2017697,1535383,1108910,482764,535818,143241,75769,27578,5927160
23,May-04,2331786,1567128,1143694,458536,541774,136196,80584,27176,6286874
23,Jun-04,2095229,1527271,1066471,501283,554904,135094,78519,29396,5988167
23,Jul-04,2496577,1642704,1216813,510556,564966,153217,83776,27522,6696131
23,Aug-04,2317860,1568468,1166234,495079,570109,153885,82794,28006,6382435
23,Sep-04,2301693,1607976,1205452,507487,590515,144962,85092,31024,6474201
23,Oct-04,2208643,1550920,1139239,491440,539577,144591,79008,30104,6183522
23,Nov-04,2235744,1536292,1180458,514134,567472,146326,82195,30137,6292758
23,Dec-04,2134987,1443316,1069488,470215,504898,137815,76109,29107,5865935
23,Jan-05,1723270,1285926,947637,392785,456400,116299,61155,25528,5009000
23,Feb-05,1946636,1328570,1047267,428751,484037,123032,66999,24902,5450194
23,Mar-05,2110243,1459949,1118677,463568,529370,132710,74681,30855,5920053
23,Apr-05,2129923,1495273,1115838,455582,520508,139481,78041,28113,5962759
23,May-05,2282823,1634712,1169846,496412,563933,150560,82013,27899,6408198
23,Jun-05,2179171,1579274,1108062,472814,540808,134710,79872,27560,6122271
23,Jul-05,2153790,1594029,1127193,502814,566217,149851,80375,24524,6198793
23,Aug-05,2453695,1741299,1293742,551456,632919,162690,91454,31889,6959144
23,Sep-05,2387643,1558236,1186373,507881,533501,142052,86911,31103,6433700
23,Oct-05,2001342,1484887,1117754,442121,561779,137595,75738,26205,5847421
23,Nov-05,2180470,1523622,1178033,500464,565348,144402,81922,30167,6204428
23,Dec-05,1923151,1355711,1024028,431391,490015,132097,73292,26876,5456561
23,Jan-06,1858520,1291000,1009555,416471,479940,122896,67239,26711,5272332
23,Feb-06,1983382,1360939,1073177,441701,482622,121754,72165,25938,5561678
23,Mar-06,2395608,1581849,1261628,501560,574071,147383,88976,32253,6583328
23,Apr-06,1869688,1345746,989757,412943,470510,126480,71567,23586,5310277
23,May-06,2350182,1753401,1211860,537283,608698,155191,89615,30343,6736573
23,Jun-06,2091416,1516531,1101293,474658,539868,138101,81248,30457,5973572
23,Jul-06,2291534,1624659,1147506,496056,551562,144626,84999,24870,6365812
23,Aug-06,2516786,1781599,1298964,545863,603830,162397,94044,32164,7035647
23,Sep-06,2309672,1540135,1175740,494419,557426,137509,89511,29643,6334055
23,Oct-06,2099738,1571719,1153069,474426,538386,142461,81354,30043,6091196
23,Nov-06,2237912,1501559,1171315,487748,550890,141337,84866,32091,6207718
23,Dec-06,1888131,1348367,974118,412441,477169,125352,75510,27945,5329033
23,Jan-07,1946818,1353092,1047710,440892,498014,127343,76542,27576,5517987
23,Feb-07,2062684,1377608,1067982,424446,496790,123386,75455,28535,5656886
23,Mar-07,2326115,1611110,1223170,495093,555884,144427,86553,35446,6477798
23,Apr-07,1958367,1370896,1030839,412178,487454,123642,76895,27879,5488150
23,May-07,2515826,1764207,1246276,533018,611294,158416,95868,33202,6958107
23,Jun-07,2113833,1510437,1085013,452973,524342,128965,83331,28653,5927547
23,Jul-07,2459728,1645310,1243092,520173,592447,157823,91852,29770,6740195
23,Aug-07,2656428,1934878,1414050,588332,620663,171059,103490,34788,7523688
23,Sep-07,2227540,1664078,1195066,502915,555259,138114,89349,31223,6403544
23,Oct-07,2352324,1702802,1274764,510746,591913,153879,90801,34779,6712008
23,Nov-07,2263151,1572266,1195905,481484,562250,142777,88536,32880,6339249
23,Dec-07,1953887,1404981,1043303,423955,481551,128125,74017,29109,5538928
23,Jan-08,2059846,1438819,1108349,448279,514100,132549,82843,30632,5815417
23,Feb-08,2191718,1513748,1176676,465747,530639,132805,81567,33242,6126142
23,Mar-08,2120487,1411872,1126466,424650,496861,125722,76349,31994,5814401
23,Apr-08,2373344,1741816,1323321,529509,601654,153322,89121,33183,6845270
23,May-08,2531154,1830967,1271424,537367,634213,157555,98613,35169,7096462
23,Jun-08,2213474,1637712,1173171,508386,577742,135122,87449,31160,6364216
23,Jul-08,2603756,1749951,1338424,541266,611672,158722,94115,31674,7129580
23,Aug-08,2512461,1767069,1332173,517952,593694,155581,92428,32358,7003716
23,Sep-08,2532561,1793568,1349605,552529,592439,155361,96908,35285,7108256
23,Oct-08,2464239,1845990,1357632,547067,639400,162639,91108,38847,7146922
23,Nov-08,2238715,1549500,1190614,487494,557693,139557,84110,33499,6281182
23,Dec-08,2161792,1588966,1190338,483589,547233,145566,82743,34961,6235188
23,Jan-09,2072057,1399800,1151933,441566,516662,128661,73871,28851,5813401
23,Feb-09,2223959,1519858,1220899,467748,546844,130085,80223,34879,6224495
23,Mar-09,2540793,1728639,1394051,519602,607764,150594,91171,39622,7072236
23,Apr-09,2364515,1660893,1266568,513331,557691,147494,82829,35278,6628599
23,May-09,2541150,1868756,1313256,548360,628779,157215,97831,37527,7192874
23,Jun-09,2538419,1884090,1336902,538654,616687,151125,94914,36182,7196973
23,Jul-09,2872928,1915121,1481532,584956,658105,179366,103775,39942,7835725
23,Aug-09,2518379,1778157,1389284,560758,652132,158530,95244,36374,7188858
23,Sep-09,2509717,1766934,1331082,561831,623275,154667,93317,40012,7080835
23,Oct-09,2486606,1890159,1385124,547581,650091,161673,93067,39398,7253699
23,Nov-09,2422130,1693387,1305091,519034,598305,152912,88909,36986,6816754
23,Dec-09,2267017,1623444,1202113,477746,553739,146111,84134,38080,6392384
23,Jan-10,1918855,1391555,1114233,425776,495627,126448,73469,30765,5576728
23,Feb-10,2320496,1578090,1273527,470540,560912,134462,85745,35526,6459298
23,Mar-10,2751371,1856849,1502755,543429,642615,163658,98376,44205,7603258
23,Apr-10,2278664,1633924,1269588,469620,564164,149840,86932,35522,6488254
23,May-10,2443380,1821567,1314872,524184,613320,154022,90358,35406,6997109
23,Jun-10,2434579,1801365,1324171,530164,623097,148486,93920,38942,6994724
23,Jul-10,2525990,1835546,1360221,537296,622946,162030,91350,37159,7172538
23,Aug-10,2607307,1912944,1378006,555583,658653,164068,95213,36748,7408522
23,Sep-10,2633235,1903924,1410914,573110,644430,160362,94292,42574,7462841
23,Oct-10,2332447,1775562,1341266,509108,612999,149812,87686,40159,6849039
23,Nov-10,2550031,1813922,1406520,550065,640071,161474,98211,41163,7261457
23,Dec-10,2256870,1634680,1224207,466723,548315,144158,85087,37776,6397816
23,Jan-11,2005863,1434485,1124065,434745,515856,129033,76099,33521,5753667
23,Feb-11,2307215,1618201,1285455,475462,565338,137883,83657,36560,6509771
23,Mar-11,2709471,1935246,1535566,549814,655135,163074,97392,46821,7692519
23,Apr-11,2207364,1579553,1237641,473722,544157,145328,85254,33847,6306866
23,May-11,2655539,1901382,1431140,554597,646394,165742,98225,40565,7493584
23,Jun-11,2508658,1842003,1411391,547034,626699,153087,97011,38274,7224157
23,Jul-11,2510052,1767145,1390264,539469,610894,159353,93326,35316,7105819
23,Aug-11,2792003,2052496,1560765,602332,700756,179403,102001,42065,8031821
23,Sep-11,2581152,1892091,1429664,563014,661575,160672,97382,43784,7429334
23,Oct-11,2410940,1755310,1377114,501571,592026,153178,84170,40050,6914359
23,Nov-11,2495704,1811458,1421695,547014,662987,158170,94448,43700,7235176
23,Dec-11,2284594,1625195,1237094,473010,556570,141407,82175,38567,6438612
23,Jan-12,2153341,1513018,1229397,460739,563628,134915,79615,37915,6172568
23,Feb-12,2467866,1724364,1393409,513780,618984,145046,88449,41641,6993539
23,Mar-12,2653179,1888269,1506182,540180,648421,164955,97363,44580,7543129
23,Apr-12,2277994,1598977,1270646,472177,559917,141944,85590,38876,6446121
23,May-12,2778985,2032621,1511263,590551,701382,176459,104767,44562,7940590
23,Jun-12,2550141,1808247,1366854,526806,630757,149890,92670,40177,7165542
23,Jul-12,2634609,1963043,1524063,563131,680679,178296,103330,39805,7686956
23,Aug-12,2790400,2023866,1639851,603612,720489,179174,103298,45202,8105892
23,Sep-12,2494856,1797957,1374729,524389,631586,149044,93757,41632,7107950
23,Oct-12,2631596,1935014,1474106,554912,662637,169035,95838,47940,7571078
23,Nov-12,2545574,1836217,1458373,547023,660512,159222,100100,47461,7354482
23,Dec-12,2171193,1572487,1196656,452827,530185,136048,80891,38885,6179172
23,Jan-13,2238650,1590017,1305444,478661,595013,140474,88780,40686,6477725
23,Feb-13,2360064,1687330,1363222,498692,603003,142117,91738,45333,6791499
23,Mar-13,2572087,1758899,1493055,511183,618799,151823,94926,45980,7246752
23,Apr-13,2576998,1849109,1504599,539721,670664,162271,103540,47718,7454620
23,May-13,2812991,2064039,1610019,587791,712763,175259,110751,49615,8123228
23,Jun-13,2329329,1760522,1323492,498347,609563,147596,92945,42391,6804185
23,Jul-13,2839831,2045297,1583529,577591,696229,169454,108498,45830,8066259
23,Aug-13,2839394,2060600,1575300,571381,694852,169378,110160,47478,8068543
23,Sep-13,2561147,1909285,1467802,554786,644863,163368,97690,49811,7448752
23,Oct-13,2579480,1985737,1510645,552838,709653,165277,100109,52160,7655899
23,Nov-13,2460747,1797224,1454024,530000,656828,155322,95914,48608,7198667
23,Dec-13,2235614,1649023,1288638,470851,573210,145345,82321,43652,6488654
23,Jan-14,2304100,1604855,1352477,473855,598319,140563,86649,45106,6605924
23,Feb-14,2374465,1706483,1398641,486644,619261,141619,91414,46867,6865394
23,Mar-14,2773031,1949353,1586980,551419,667953,158211,105128,55042,7847117
23,Apr-14,2487761,1767238,1412693,512894,635195,153761,98199,48742,7116483
23,May-14,2758571,2046754,1576518,568022,708670,168139,107932,52710,7987316
23,Jun-14,2487728,1864193,1427904,524343,652613,158162,98234,51673,7264850
23,Jul-14,2786132,2000537,1595865,575469,717363,172266,108654,51820,8008106
23,Aug-14,2748428,1996457,1545189,567309,702643,162740,106800,51320,7880886
23,Sep-14,2753452,2030675,1588088,596131,684769,170741,103613,56990,7984459
23,Oct-14,2642357,2013237,1542310,550643,718810,164092,101001,56823,7789273
23,Nov-14,2411716,1701104,1386106,501433,636922,146049,94664,50129,6928123
23,Dec-14,2359872,1724595,1352554,486167,616993,148683,85962,49745,6824571
23,Jan-15,2218293,1573906,1315266,449129,577308,135195,83236,47822,6400155
23,Feb-15,2417669,1724627,1402560,489665,623020,141038,90501,51850,6940930
23,Mar-15,2699896,1867590,1576188,525436,672089,154757,98813,59809,7654578
23,Apr-15,2542986,1893285,1517034,524442,644679,156886,100727,50990,7431029
23,May-15,2733894,1971937,1560993,553864,708551,160796,105254,53485,7848774
23,Jun-15,2612862,1950405,1499105,553406,700648,161193,104101,54652,7636372
23,Jul-15,2823299,2041458,1627601,572933,738417,169688,108617,53086,8135099
23,Aug-15,2821026,2045356,1618275,568446,723472,166832,108614,56315,8108336
23,Sep-15,2693850,1978400,1571667,572067,698947,172187,100264,58211,7845593
23,Oct-15,2549538,1869823,1489521,528202,702274,155543,98090,55280,7448271
23,Nov-15,2533765,1777449,1487223,518974,667016,154649,98884,54982,7292942
23,Dec-15,2303764,1691668,1354545,475608,612307,145237,84098,49513,6716740
23,Jan-16,2105332,1516893,1268952,441143,568383,126477,80832,45078,6153090
23,Feb-16,2552549,1853690,1523917,521010,668320,147668,97500,56939,7421593
23,Mar-16,2600910,1802867,1527320,517215,667915,150266,97385,56697,7420575
23,Apr-16,2649956,1990003,1599660,555832,695405,156889,104873,56165,7808783
23,May-16,2842867,2126216,1654696,591851,770905,168518,116045,60134,8331232
23,Jun-16,2535361,1928623,1548411,550944,706158,156470,102784,54724,7583475
23,Jul-16,2524217,1881555,1493303,529936,685499,147785,104372,47071,7413738
23,Aug-16,2896918,2163805,1712182,608982,808405,172925,123184,58001,8544402
23,Sep-16,2686562,1937284,1584808,568123,735182,163468,107755,55511,7838693
23,Oct-16,2435580,1913547,1476495,526076,714880,146213,100149,54445,7367385
23,Nov-16,2631910,1971735,1585825,576738,739336,158383,109642,56974,7830543
23,Dec-16,2207817,1702654,1311161,479095,612325,136987,89510,46960,6586509
23,Jan-17,2230794,1678551,1397593,475763,636960,135653,89029,48804,6693147
23,Feb-17,2478315,1837980,1491627,513019,681749,139047,98853,57118,7297708
23,Mar-17,2826618,2004308,1636315,568119,754558,159662,110460,60495,8120535
23,Apr-17,2336452,1714016,1396058,493759,616708,131289,95309,47274,6830865
23,May-17,2918242,2310581,1711282,630879,842526,180593,123388,60198,8777689
23,Jun-17,2589215,2006945,1584390,564732,744744,158297,105405,53236,7806964
23,Jul-17,2701426,2003072,1575205,551790,713435,153064,110090,48914,7856996
23,Aug-17,3072248,2268148,1827593,624476,817942,180546,123285,57696,8971934
23,Sep-17,2680984,2037842,1588529,587881,730937,165311,107621,56907,7956012
23,Oct-17,2570625,2049031,1589613,556173,784022,155244,104931,60270,7869909
23,Nov-17,2666719,1965233,1633480,565796,780313,161719,110305,58980,7942545
23,Dec-17,2192950,1685979,1342952,463071,641789,133074,86943,47027,6593785
23,Jan-18,2365104,1768573,1488651,497895,701322,143625,97285,48194,7110649
23,Feb-18,2409775,1832715,1506370,509763,726466,138973,96969,53651,7274682
23,Mar-18,2660606,1927956,1650674,533263,745833,150145,103399,57582,7829458
23,Apr-18,2523130,1897462,1558993,524784,699585,146848,105131,53453,7509386
23,May-18,3149696,2470531,1878513,650611,900872,185460,132089,60167,9427939
23,Jun-18,2568804,1973283,1615096,544786,757544,154968,112184,52891,7779556
23,Jul-18,2709132,2066511,1641625,566735,785544,159827,111030,49938,8090342
23,Aug-18,2849456,2179819,1752178,597427,855674,193456,119207,57747,8604964
23,Sep-18,2541727,1877367,1551225,532532,726430,162215,106226,53170,7550892
23,Oct-18,2710793,2166485,1695587,580679,844844,169970,112426,58444,8339228
23,Nov-18,2694338,1994487,1671291,561914,799391,162330,114754,57033,8055538
23,Dec-18,2232856,1717514,1366231,467261,656459,138596,88852,47820,6715589
23,Jan-19,2408376,1790905,1519177,497059,718194,142340,99614,48742,7224407
23,Feb-19,2552491,1909108,1552262,519450,730875,142931,103594,52341,7563052
23,Mar-19,2745767,1988460,1674054,539950,767011,152642,109016,58802,8035702
23,Apr-19,2593006,2002595,1618305,539731,717613,150183,110623,53768,7785824
23,May-19,3278670,2572174,1916178,700107,970891,188475,137788,62572,9826855
23,Jun-19,2674650,2069149,1684031,548022,868343,153354,117822,53895,8169266
23,Jul-19,2971623,2275566,1804979,599818,866397,168116,125674,56078,8868251
23,Aug-19,2913096,2266745,1853282,596279,864781,167402,123420,56848,8841853
23,Sep-19,2704798,2020957,1688928,569660,772619,159565,118152,56016,8090695
23,Oct-19,2749096,2241411,1730809,575428,853576,160767,119577,58133,8488797
23,Nov-19,2661839,2019108,1672975,548214,804616,153771,117345,56047,8033915
23,Dec-19,2320472,1820869,1435358,477729,689534,138024,97930,49840,7029756
23,Jan-20,2426566,1871982,1556809,501791,737532,139304,104978,48977,7387939
23,Feb-20,2585918,1997760,1641552,531162,768343,142515,109894,53170,7830314
23,Mar-20,2739593,2072842,1733563,530110,768699,140346,116221,60715,8162089
23,Apr-20,1987310,1432448,1215496,374149,532102,83858,94370,40855,5760588
23,May-20,1880148,1344409,1199872,372901,589932,91094,91246,45358,5614960
23,Jun-20,1954830,1327655,1305166,393428,628767,101217,87850,44770,5843683
23,Jul-20,2086586,1154605,1366481,438442,684269,113858,99519,44713,5988473
23,Aug-20,1906749,853644,1263915,413032,683993,111109,93691,42128,5368261
23,Sep-20,2033958,1008871,1307509,442020,688964,123114,101248,45638,5751322
23,Oct-20,2036066,1169036,1350102,439833,739991,119490,98331,42937,5995786
23,Nov-20,2116829,1313680,1383153,396076,719623,121757,105858,44503,6201479
23,Dec-20,1965735,1350337,1278835,375732,681596,116077,94901,41474,5904687
23,Jan-21,1802511,1277247,1199383,378675,625544,104933,88068,39889,5516250
23,Feb-21,2063085,1415361,1387672,424585,570888,118502,99735,44059,6123887
23,Mar-21,2344189,1672588,1552977,467901,738534,134880,113268,49329,7073666
23,Apr-21,2325985,1751583,1365636,445671,673169,123997,110213,42792,6839046
23,May-21,2524705,1873576,1522614,505557,778524,143208,124171,48174,7520529
3,Jul-93,62180,36128,30249,15823,18638,4807,2903,1138,171866
3,Aug-93,55132,34414,28810,14116,16602,4891,2442,1024,157431
3,Sep-93,54325,33655,29634,14052,15875,4053,2230,997,154821
3,Oct-93,47074,31664,26878,11554,14406,4129,2015,836,138556
3,Nov-93,56003,29608,28588,12911,15529,4112,2120,976,149847
3,Dec-93,48017,30774,26790,11807,13862,3845,1845,930,137870
3,Jan-94,48427,29725,28063,12797,13886,3884,1821,898,139501
3,Feb-94,46508,28141,28504,11327,15562,3772,1777,969,136560
3,Mar-94,55101,38644,36565,17322,13461,4892,2206,1064,169255
3,Apr-94,57466,46628,35220,17377,21089,5166,2625,878,186449
3,May-94,63152,45500,36279,18941,21634,5629,2841,973,194949
3,Jun-94,50232,38726,35797,16494,15915,4332,1942,762,164200
3,Jul-94,49177,30973,29751,13240,14873,3991,1898,1024,144927
3,Aug-94,59068,33615,30751,13628,16496,5259,2335,1359,162511
3,Sep-94,51334,32239,27829,12378,15448,4187,2003,1204,146622
3,Oct-94,44123,27778,24468,11574,12910,3743,1609,1217,127422
3,Nov-94,49031,30196,27776,13497,14370,4070,1617,1149,141706
3,Dec-94,41881,27876,23742,10909,11804,3344,1569,929,122054
3,Jan-95,48089,28807,26094,12008,13780,3814,1634,926,135152
3,Feb-95,44321,23995,24496,11471,12064,3175,1551,939,122012
3,Mar-95,47904,35822,30390,15118,13104,4205,1946,983,149472
3,Apr-95,52453,43086,29676,18518,14451,4533,2278,1093,166088
3,May-95,66866,49870,38101,20379,20428,6132,3061,1229,206066
3,Jun-95,54112,38083,27342,14592,14233,4166,2101,924,155553
3,Jul-95,47270,29769,23803,11630,14896,3855,1969,924,134116
3,Aug-95,57790,31320,29497,12592,13627,3901,2134,913,151774
3,Sep-95,48836,28923,23601,12561,12707,3603,2060,871,133162
3,Oct-95,43973,32314,24524,11364,13620,3312,1696,824,131627
3,Nov-95,44768,27850,22130,11216,11241,3576,1566,861,123208
3,Dec-95,42572,25178,22685,9966,9011,2813,1528,808,114561
3,Jan-96,51786,26117,25385,11838,12466,3502,1661,956,133711
3,Feb-96,44454,25225,23248,10785,10834,3089,1400,817,119852
3,Mar-96,44904,28762,22928,11658,11445,3395,1641,1003,125736
3,Apr-96,60207,45470,34566,18913,18163,5071,2512,944,185846
3,May-96,68386,48898,36029,21685,20630,5008,3007,1021,204664
3,Jun-96,44670,32632,22042,12194,12434,3320,1659,756,129707
3,Jul-96,48200,34028,27620,13208,14005,3872,1945,1056,143934
3,Aug-96,47550,30369,23169,11277,12347,3572,1865,720,130869
3,Sep-96,45601,28018,24402,10971,10716,3454,1592,874,125628
3,Oct-96,46349,28979,22934,10809,12647,3318,1696,842,127574
3,Nov-96,44951,26384,22811,10557,12288,2994,1692,915,122592
3,Dec-96,36551,24431,20223,9927,10198,2854,1325,856,106365
3,Jan-97,47948,28107,23740,10883,12391,3135,1673,891,128768
3,Feb-97,37645,22572,21477,9268,9877,2723,1286,760,105608
3,Mar-97,41853,28682,22408,11157,11116,3041,1563,944,120764
3,Apr-97,62215,46881,33884,19106,18364,5097,2519,1012,189078
3,May-97,56086,38775,29314,18632,18009,4479,2411,866,168572
3,Jun-97,44737,30875,23383,12721,11922,3495,1684,904,129721
3,Jul-97,50950,31275,23323,12875,11512,3642,1714,970,136261
3,Aug-97,43930,27761,21160,11062,12619,3001,1595,1047,122175
3,Sep-97,44561,26691,23062,10475,10630,2934,1541,951,120845
3,Oct-97,39234,25776,22074,9934,11711,2911,1540,941,114121
3,Nov-97,40916,23877,20589,9653,9220,2567,1328,1010,109160
3,Dec-97,34368,23537,21631,9493,10118,2657,1163,816,103783
3,Jan-98,40778,24855,22975,9393,9928,2771,1267,696,112663
3,Feb-98,39858,22200,21969,8209,10325,2657,1197,558,106973
3,Mar-98,49858,30844,29119,13909,12922,3723,1609,898,142882
3,Apr-98,64780,53385,34863,19749,23350,6073,2836,850,205886
3,May-98,52242,45516,32823,16970,19034,3854,2494,759,173692
3,Jun-98,43148,29252,25067,11250,13844,2975,1932,712,128180
3,Jul-98,46981,33408,27423,11790,13266,3279,1895,781,138823
3,Aug-98,40285,27141,24876,10802,12225,2900,1584,673,120486
3,Sep-98,42380,27159,23166,11419,11933,2792,1560,730,121139
3,Oct-98,38552,25637,21794,10236,10961,2530,1258,935,111903
3,Nov-98,37005,23726,22175,8816,10224,2486,1268,668,106368
3,Dec-98,32917,22998,21306,9106,10043,2451,1151,961,100933
3,Jan-99,36199,22933,20368,8523,8952,2233,1128,578,100914
3,Feb-99,35943,22663,21382,8828,9961,2409,1110,608,102904
3,Mar-99,49940,34785,32715,12522,16466,3623,1647,780,152478
3,Apr-99,55388,42617,28666,16364,16689,3892,2046,921,166583
3,May-99,46481,32147,26245,14076,12948,3306,1877,714,137794
3,Jun-99,40289,27422,22130,10302,11328,2609,1644,694,116418
3,Jul-99,41077,25668,22094,9970,10152,2634,1463,699,113757
3,Aug-99,38577,26148,19732,8750,9921,2618,1375,772,107893
3,Sep-99,39870,23850,21638,8937,9506,2599,1341,767,108508
3,Oct-99,35075,23039,18470,7830,8587,2328,1137,675,97141
3,Nov-99,35221,22163,20941,9022,9090,2317,1187,656,100597
3,Dec-99,36308,20727,19645,7730,8789,2389,1287,735,97610
3,Jan-00,34319,20192,18589,7289,7978,2288,1101,592,92348
3,Feb-00,36400,20821,20871,8919,9281,2589,1260,932,101073
3,Mar-00,50051,31550,28862,13079,13633,4093,1945,935,144148
3,Apr-00,47076,33176,23734,14189,14358,3310,1986,754,138583
3,May-00,52124,33347,28190,13323,13076,3823,2073,843,146799
3,Jun-00,42150,26478,22180,9754,10570,2909,1615,771,116427
3,Jul-00,38042,23101,20980,9589,8919,2692,1417,686,105426
3,Aug-00,43815,23350,21367,8903,9015,2894,1648,772,111764
3,Sep-00,36247,19696,18868,8370,8181,2510,1357,679,95908
3,Oct-00,35238,21469,19433,7876,8309,2536,1220,712,96793
3,Nov-00,35998,20924,19385,8293,8296,2675,1260,640,97471
3,Dec-00,31322,18154,16341,6816,6837,2171,1149,594,83384
3,Jan-01,34216,20714,20050,9314,7798,2441,1154,772,96459
3,Feb-01,34614,20456,19954,7447,8528,2510,1049,842,95400
3,Mar-01,45745,28340,26552,11258,12635,3173,1473,971,130147
3,Apr-01,52535,36615,26553,17465,15543,4670,2189,843,156413
3,May-01,50837,36770,26550,12313,14116,4422,2296,846,148150
3,Jun-01,39182,24288,21206,9874,8758,3199,1618,766,108891
3,Jul-01,44856,23658,22687,9716,9950,3505,1653,733,116758
3,Aug-01,41185,23818,20789,9095,8514,3063,1634,714,108812
3,Sep-01,35305,21208,18717,8186,8193,2938,1222,663,96432
3,Oct-01,39534,21451,20920,8729,8127,2945,1295,676,103677
3,Nov-01,36733,20870,20086,8468,8145,2955,1152,724,99133
3,Dec-01,30958,17887,16216,7057,6776,2404,1003,542,82843
3,Jan-02,35324,19981,20275,8567,8235,2940,1116,671,97109
3,Feb-02,34191,17160,17272,7694,7561,2713,1050,591,88232
3,Mar-02,45154,26823,23521,9671,9612,4327,1495,737,121340
3,Apr-02,60395,40768,31311,19180,16755,6266,2400,778,177853
3,May-02,54457,37621,28120,15579,14544,7137,2130,664,160252
3,Jun-02,40987,23702,20412,10563,8788,4920,1535,561,111468
3,Jul-02,41855,24161,22014,9501,8729,4121,1333,688,112402
3,Aug-02,38021,21234,19528,8066,7988,3561,1210,601,100209
3,Sep-02,37154,24945,19342,7463,7005,4339,1246,618,102112
3,Oct-02,40752,39322,22963,8184,7805,4674,1198,724,125622
3,Nov-02,36296,25612,18739,7669,7066,3405,1156,673,100616
3,Dec-02,33492,19526,17745,6973,6694,3010,1090,683,89213
3,Jan-03,32511,24962,18548,7208,7004,2928,954,721,94836
3,Feb-03,33158,20126,18530,7469,6991,2736,928,639,90577
3,Mar-03,45667,31042,25573,13675,9579,4443,1324,1039,132342
3,Apr-03,62644,43118,31721,20470,16700,5760,2560,900,183873
3,May-03,48808,28626,25118,11470,12154,4392,2038,758,133364
3,Jun-03,35851,20082,18626,7645,7843,3136,1266,721,95170
3,Jul-03,36498,21106,20185,7727,7594,3258,1150,795,98313
3,Aug-03,35016,18666,18091,6978,6615,2860,1035,644,89905
3,Sep-03,36317,19098,18884,7601,6826,3027,1005,870,93628
3,Oct-03,35488,19620,18653,7484,7313,2940,1178,807,93483
3,Nov-03,30783,17164,17193,6605,5917,2458,814,694,81628
3,Dec-03,30291,17287,16945,6766,6266,2655,893,685,81788
3,Jan-04,29745,17396,17744,6421,5963,2493,875,575,81212
3,Feb-04,29216,15919,17515,6705,6178,2663,951,661,79808
3,Mar-04,42535,30046,24525,11560,11099,4186,1163,1015,126129
3,Apr-04,46250,38156,30283,16888,16267,5508,1476,890,155718
3,May-04,42971,28315,25114,11607,11920,4002,1346,856,126131
3,Jun-04,32250,20053,19574,8665,8472,3512,1034,884,94444
3,Jul-04,37777,20329,21078,7957,7815,3373,1058,876,100263
3,Aug-04,33595,18017,19577,7294,7289,3544,993,646,90955
3,Sep-04,32870,18777,19806,7292,7568,3392,997,673,91375
3,Oct-04,32533,18210,19434,7703,7134,3285,897,605,89801
3,Nov-04,32749,18824,20389,7930,7470,3433,987,655,92437
3,Dec-04,33247,18576,20876,7479,7272,3370,921,647,92388
3,Jan-05,26994,18258,18143,6590,6879,3019,757,520,81160
3,Feb-05,30576,17472,19713,7732,7261,3021,826,703,87304
3,Mar-05,37931,28588,26510,11340,11310,4188,1087,825,121779
3,Apr-05,47077,36896,30925,14860,13241,5056,1436,621,150112
3,May-05,47831,34751,30821,13686,13510,5675,1382,893,148549
3,Jun-05,36419,24942,23812,9892,10367,4289,1075,721,111517
3,Jul-05,33254,21076,21875,9535,8921,3942,894,545,100042
3,Aug-05,36155,21892,23423,10152,8875,3995,1002,799,106293
3,Sep-05,35287,19643,22163,8794,7457,3813,991,645,98793
3,Oct-05,31119,18672,21011,7837,8384,3673,732,567,91995
3,Nov-05,34466,19150,22488,8759,8543,4034,876,650,98966
3,Dec-05,31822,18468,21048,8066,7532,3991,783,603,92313
3,Jan-06,29303,17539,20016,7730,7690,3714,801,696,87489
3,Feb-06,31354,17701,20233,7940,7475,3659,805,703,89870
3,Mar-06,48988,34453,32596,13294,12768,5984,1368,729,150180
3,Apr-06,46271,38942,30893,15064,16056,6788,1294,619,155927
3,May-06,45002,32162,28747,15676,14118,6245,1581,741,144272
3,Jun-06,35275,21849,23194,9410,9331,4576,1131,778,105544
3,Jul-06,37839,22437,23700,10071,8528,4556,1102,686,108919
3,Aug-06,39866,22105,23405,9478,8734,4771,1097,732,110188
3,Sep-06,38361,19777,22025,8669,7814,4040,957,730,102373
3,Oct-06,35968,20741,21912,8572,7933,4267,1006,852,101251
3,Nov-06,38654,20281,22869,8707,8182,4160,934,844,104631
3,Dec-06,34640,19242,21161,8320,7659,4013,881,783,96699
3,Jan-07,34668,19846,21858,9114,8443,4359,972,730,99990
3,Feb-07,37203,18938,21759,8780,7968,4176,889,785,100498
3,Mar-07,54849,38896,32576,15238,14899,6700,1421,1032,165611
3,Apr-07,52384,36894,35267,16689,17272,6728,1350,845,167429
3,May-07,52939,32162,31388,15641,14925,6771,1243,915,155984
3,Jun-07,38794,22093,22800,9886,9445,4599,1004,651,109272
3,Jul-07,43919,23552,25072,10858,11004,5913,1014,822,122154
3,Aug-07,47613,27045,29620,14716,10888,6438,1888,970,139178
3,Sep-07,41770,23872,24831,11506,9967,5709,999,891,119545
3,Oct-07,46075,25619,27420,11042,11330,5857,1697,963,130003
3,Nov-07,43597,23272,26176,10126,10179,5103,1756,907,121116
3,Dec-07,39831,22780,25846,9503,9675,4978,1041,756,114410
3,Jan-08,41989,24775,26291,10616,10141,5028,1190,808,120838
3,Feb-08,44306,24286,26960,10356,10522,5413,1297,975,124115
3,Mar-08,52072,31204,33991,12452,13197,6737,1610,1026,152289
3,Apr-08,70376,55692,53004,27028,30518,10828,2028,1127,250601
3,May-08,61996,44830,41893,20235,28561,9326,1932,1189,209962
3,Jun-08,48653,29809,31541,12922,19597,6623,1402,973,151520
3,Jul-08,54360,29257,32331,12666,15527,6971,1329,992,153433
3,Aug-08,49212,27839,31016,11215,12231,6332,1133,945,139923
3,Sep-08,51251,27956,30639,11892,11971,6165,1206,1029,142109
3,Oct-08,52933,31588,32935,13134,12629,7008,1302,1216,152745
3,Nov-08,48056,27235,29269,11574,11611,6164,1086,926,135921
3,Dec-08,52119,30276,32514,12547,12624,6642,1007,883,148612
3,Jan-09,48155,26185,29720,11384,11911,6012,1020,753,135140
3,Feb-09,52000,27735,33308,12293,14117,6743,1116,979,148291
3,Mar-09,82256,53621,54750,21542,29128,9774,1986,1453,254510
3,Apr-09,87988,56481,56012,30531,36902,10874,2157,1208,282153
3,May-09,82405,51903,52792,26031,35830,10155,2313,1292,262721
3,Jun-09,69838,40630,42685,18486,25253,8236,2061,1366,208555
3,Jul-09,72470,38099,41945,16904,20486,8297,1671,1383,201255
3,Aug-09,63578,33666,38076,14993,17799,7226,1673,1064,178075
3,Sep-09,64968,35001,37527,15910,17643,7748,1633,1307,181737
3,Oct-09,103551,76016,83762,42002,37615,16272,2900,1780,363898
3,Nov-09,96001,64820,66070,28663,28516,14599,2887,1434,302990
3,Dec-09,82806,54432,52193,20186,24217,11096,2459,1275,248664
3,Jan-10,67163,38811,43795,16618,19528,9149,1768,979,197811
3,Feb-10,83006,40279,52451,17452,20320,11833,2066,1213,228620
3,Mar-10,113286,59012,82660,29625,31885,16911,2850,1597,337826
3,Apr-10,113979,70840,87059,33039,48211,18076,3667,1467,376338
3,May-10,89453,57452,64286,24866,28556,12452,2592,1366,281023
3,Jun-10,77771,45847,52843,20612,24029,9643,1991,1252,233988
3,Jul-10,74463,41409,44814,17942,20507,8644,1794,1217,210790
3,Aug-10,71951,39619,41136,17372,20352,8116,1756,1107,201409
3,Sep-10,73984,40182,41774,18665,19831,7405,1887,1221,204949
3,Oct-10,67066,38185,39665,17692,19565,7304,1729,1179,192385
3,Nov-10,72720,40679,43730,18947,20687,7822,1801,1107,207493
3,Dec-10,71602,39543,41431,17640,19527,7912,1812,1192,200659
3,Jan-11,61226,34355,36828,15907,17953,6563,1599,966,175397
3,Feb-11,67739,37003,39593,15742,19264,7093,1673,970,189077
3,Mar-11,97551,67547,64268,30186,31615,11931,2891,1831,307820
3,Apr-11,95009,64952,64797,32778,34249,12370,2805,1317,308277
3,May-11,91419,55656,56256,26074,32732,10701,2296,1503,276637
3,Jun-11,76475,44066,46816,20547,23807,8173,1915,1187,222986
3,Jul-11,73036,41131,43520,18742,21131,7658,1707,1228,208153
3,Aug-11,77815,43054,47123,19499,21963,8770,1791,1378,221393
3,Sep-11,74206,40283,43377,18192,21062,7869,1720,1372,208081
3,Oct-11,71204,39351,43569,16970,19611,7758,1587,1365,201415
3,Nov-11,74809,41534,44480,18143,21595,7826,1670,1451,211508
3,Dec-11,73276,40289,42972,16969,19609,7574,1595,1316,203600
3,Jan-12,65024,34476,36497,15881,17514,7062,1634,1204,179292
3,Feb-12,71199,37694,38080,15959,17382,7342,1707,1247,190610
3,Mar-12,103534,70333,60778,29286,27525,13519,3294,1497,309766
3,Apr-12,100349,62568,59545,32363,31746,12612,4112,1317,304612
3,May-12,94953,56273,50683,26759,29251,11233,3534,1830,274516
3,Jun-12,77497,40470,41382,18180,20113,7841,3917,1376,210776
3,Jul-12,75772,41625,41696,17972,21052,8490,2512,1183,210302
3,Aug-12,75370,40688,42186,17731,19367,8140,2200,1266,206948
3,Sep-12,68258,36937,36726,15486,17508,7024,2152,1218,185309
3,Oct-12,73309,39261,39374,16611,18552,7832,2230,1446,198615
3,Nov-12,73084,37559,39038,16163,18556,7644,1861,1364,195269
3,Dec-12,66246,35170,35665,14685,16001,7054,1691,1067,177579
3,Jan-13,64740,34541,37350,16049,17140,7312,1780,1262,180174
3,Feb-13,66964,36084,36775,15292,16799,7424,1607,1408,182353
3,Mar-13,116626,73255,74478,36162,32285,13388,3337,1874,351405
3,Apr-13,130963,80214,89417,44928,45683,18326,5003,1926,416460
3,May-13,96421,56072,55026,26890,30398,11579,3569,1425,281380
3,Jun-13,71213,38027,39009,17845,19323,7961,1933,1135,196446
3,Jul-13,80655,42787,43025,19126,20666,8469,1993,1270,217991
3,Aug-13,77307,39431,41804,17335,19300,7849,1993,1160,206179
3,Sep-13,70995,37689,38833,16386,17534,7584,1760,1235,192016
3,Oct-13,74356,39781,40724,17273,19723,7996,1941,1404,203198
3,Nov-13,70117,37013,38478,16335,18044,7127,1822,1174,190110
3,Dec-13,67890,37467,39085,16087,17296,6951,1851,1243,187870
3,Jan-14,67005,35114,36976,15863,17532,7163,2036,1284,182973
3,Feb-14,67573,36345,38423,15234,17573,6888,1943,1268,185247
3,Mar-14,129652,84166,82046,35744,33073,15069,4778,1628,386156
3,Apr-14,118312,72331,78680,45271,39434,17623,5692,1663,379006
3,May-14,90522,52127,52646,26194,28565,10158,3254,1403,264869
3,Jun-14,72207,39728,41359,17738,19912,8012,2385,1257,202598
3,Jul-14,76887,40995,42808,18880,20469,8398,2410,1251,212098
3,Aug-14,73282,38404,40614,17244,18252,7499,2184,1103,198582
3,Sep-14,74309,39593,40681,17630,17635,7729,2104,1242,200923
3,Oct-14,74585,39333,42197,17404,19032,7779,2127,1333,203790
3,Nov-14,67447,34139,37197,15171,16315,7083,2024,1062,180438
3,Dec-14,75231,40958,43412,17581,19069,7870,2014,1121,207256
3,Jan-15,78595,43912,46091,18395,21042,8448,2105,1185,219773
3,Feb-15,79596,42999,44258,17223,19956,8081,2121,1355,215589
3,Mar-15,88189,47123,51283,19302,21636,8548,2488,1565,240134
3,Apr-15,166177,120848,110927,58217,50762,24298,6835,1534,539598
3,May-15,144191,81560,91744,42516,42333,18052,5051,1513,426960
3,Jun-15,95201,55966,53376,23080,26609,11362,3525,1748,270867
3,Jul-15,90731,50247,50325,20764,23848,9277,2784,1301,249277
3,Aug-15,84969,46481,47116,19641,21939,8707,2554,1496,232903
3,Sep-15,81482,44872,45874,18441,19649,8756,2273,1422,222769
3,Oct-15,80240,43881,45175,18278,20244,8290,2086,1281,219475
3,Nov-15,79263,42889,45087,17692,18974,8298,2119,1312,215634
3,Dec-15,77569,44024,46167,17479,19555,7684,1991,1325,215794
3,Jan-16,66571,37984,39930,16179,17864,6980,1822,1131,188461
3,Feb-16,77934,43422,46366,17590,19269,8251,1999,1394,216225
3,Mar-16,80646,43206,47741,17612,19814,7922,2103,1347,220391
3,Apr-16,161224,111661,115179,57748,49354,22972,6036,1798,525972
3,May-16,141826,93352,92625,44590,40906,18859,5350,1642,439150
3,Jun-16,85200,51996,52147,22212,24156,10069,2441,1207,249428
3,Jul-16,77384,44692,44565,18616,20325,7894,2278,966,216720
3,Aug-16,84715,47198,48363,20119,21691,8887,2366,1326,234665
3,Sep-16,79502,42941,45282,18041,19899,8477,2059,1398,217599
3,Oct-16,72467,42510,42012,17595,20106,7787,1959,1123,205559
3,Nov-16,80726,45909,46368,21317,21876,8087,2169,1077,227529
3,Dec-16,72474,41786,41738,17594,20150,7741,1908,955,204346
3,Jan-17,69724,40913,41476,17606,18866,7965,1831,1045,199426
3,Feb-17,75691,43237,43652,17304,19321,8091,1930,1408,210634
3,Mar-17,91874,48005,51523,21589,22458,9267,2321,1449,248486
3,Apr-17,144737,91683,102355,54690,28548,13397,4797,1248,441455
3,May-17,129950,102410,77303,43002,52484,25084,5324,1431,436988
3,Jun-17,84626,51767,49356,22987,27376,11296,2594,1340,251342
3,Jul-17,78813,46167,45008,20241,20965,9096,2084,1084,223458
3,Aug-17,86974,49380,49109,21309,22029,9083,2166,1198,241248
3,Sep-17,76879,45966,43728,19218,20170,8708,1940,1187,217796
3,Oct-17,76729,45755,44131,18958,20987,8331,2078,2052,219021
3,Nov-17,79971,44897,45340,18469,20734,8153,2094,1560,221218
3,Dec-17,70572,41113,40546,16453,18593,7364,1838,1124,197603
3,Jan-18,72370,41619,43194,16814,20636,7515,1807,1321,205276
3,Feb-18,72634,40338,41719,15916,21438,7560,1746,1146,202497
3,Mar-18,80218,42956,47851,17739,21486,8010,1975,1175,221410
3,Apr-18,111490,70261,84320,40956,24943,14175,4831,1428,352404
3,May-18,234239,163192,132771,67031,65830,32111,8955,1779,705908
3,Jun-18,111837,63013,59043,25328,31342,14871,3932,1191,310557
3,Jul-18,91059,50902,49498,20630,24492,11588,2693,1036,251898
3,Aug-18,87598,49466,48944,18874,23148,23215,2511,1240,254996
3,Sep-18,76996,41227,42792,16429,18831,14574,2028,1011,213888
3,Oct-18,83220,46600,47533,19600,22679,12753,2188,1227,235800
3,Nov-18,83405,44389,47558,17789,21258,9615,2222,1178,227414
3,Dec-18,75088,40716,43147,16458,18690,8189,1907,987,205182
3,Jan-19,76817,41816,44726,17639,20489,7847,2168,1109,212611
3,Feb-19,79527,43244,45653,17033,20741,7816,1972,1108,217094
3,Mar-19,84363,45476,48590,16979,20944,7698,2290,1237,227577
3,Apr-19,118876,88802,103934,37709,24573,13435,4400,1562,393291
3,May-19,268613,181816,141550,101536,85434,36634,9702,2289,827574
3,Jun-19,132727,87280,71320,33201,70412,16315,5209,1522,417986
3,Jul-19,106424,62625,59628,24176,39016,10107,3214,1392,306582
3,Aug-19,93136,51665,55676,20085,26213,8871,2449,1178,259273
3,Sep-19,84848,44935,48643,18769,21506,7826,2297,1215,230039
3,Oct-19,88604,49505,51178,19648,24392,8335,2282,1260,245204
3,Nov-19,85603,46542,49772,18577,22446,8117,2357,1238,234652
3,Dec-19,80466,43727,45041,17821,20652,7508,2176,1165,218556
3,Jan-20,78686,43347,46117,17969,20787,7514,2103,1138,217661
3,Feb-20,82411,44990,46432,17609,21303,7574,2113,1318,223750
3,Mar-20,105511,77163,73915,23275,30253,8101,3275,1636,323129
3,Apr-20,326161,205328,219052,135297,138787,36026,10131,2363,1073145
3,May-20,206650,126097,108303,61391,72495,31010,6425,1942,614313
3,Jun-20,97536,54110,54258,20130,27061,9354,2435,1278,266162
3,Jul-20,85039,41914,45602,17342,22705,7070,2190,1157,223019
3,Aug-20,72986,29480,42115,15292,20216,6031,1863,1063,189046
3,Sep-20,73381,29710,42013,15421,19884,6665,1854,1164,190092
3,Oct-20,71554,32140,41232,14574,19906,6018,1871,1135,188430
3,Nov-20,72165,33431,40813,13123,19220,6294,1965,1188,188199
3,Dec-20,70968,33358,40933,13209,18540,6250,1812,1065,186135
3,Jan-21,61589,30511,36553,12693,17217,5315,1549,1002,166429
3,Feb-21,69653,38177,40190,13905,15970,6206,1877,1105,187083
3,Mar-21,85709,45328,47121,15593,21229,7044,2238,1280,225542
3,Apr-21,181101,121914,110280,62686,46086,15645,6299,1398,545409
3,May-21,212273,148652,123829,71778,72710,27135,8308,1865,666550
36,Jul-93,165285,96610,68837,30599,32198,10247,8311,2084,414171
36,Aug-93,157620,102426,67555,30890,31823,10134,7813,2183,410444
36,Sep-93,161994,96975,68369,31971,31189,9432,7844,2308,410082
36,Oct-93,142313,96514,66481,25554,28794,9379,6637,2100,377772
36,Nov-93,177322,95644,71587,30466,33297,10076,8454,2245,429091
36,Dec-93,146511,96812,65049,26471,29496,8840,7062,2504,382745
36,Jan-94,143411,90169,65240,28129,28659,8885,6868,2078,373439
36,Feb-94,158433,99645,74065,29535,35683,9576,8161,2536,417634
36,Mar-94,181231,107540,82169,37301,29736,11735,8299,2840,460851
36,Apr-94,155145,91406,67515,27049,37398,9599,7439,2369,397920
36,May-94,191938,112683,81401,32546,42964,12008,9009,2622,485171
36,Jun-94,164646,124677,74873,33718,34855,10379,8155,2295,453598
36,Jul-94,157890,102031,77196,28427,35134,9753,7530,2184,420145
36,Aug-94,200348,116288,80946,36339,41355,12829,9879,2713,500697
36,Sep-94,180318,117741,79990,34451,39224,11583,8975,2532,474814
36,Oct-94,165717,110036,74388,32193,36835,11111,8290,2669,441239
36,Nov-94,188499,119598,90269,41471,43488,11975,9235,2800,507335
36,Dec-94,158057,110764,76563,31212,34735,9608,8470,2384,431793
36,Jan-95,185457,115174,84727,34480,41111,11646,8666,2891,484152
36,Feb-95,184735,110593,89434,36582,42890,11203,9536,3120,488093
36,Mar-95,191642,129849,98381,41928,43087,14288,10324,3387,532886
36,Apr-95,176794,107335,83139,31317,36128,10741,8725,3158,457337
36,May-95,226668,141103,100698,37310,44947,14462,11696,3530,580414
36,Jun-95,192294,142794,92249,40592,41314,12544,10054,3206,535047
36,Jul-95,185969,126433,84307,36619,47343,13618,9930,3237,507456
36,Aug-95,258914,149881,118396,43627,54069,13175,12386,3773,654221
36,Sep-95,219241,131015,95929,42641,50026,13138,11507,3893,567390
36,Oct-95,197798,159098,102470,37166,53256,13212,9571,3408,575979
36,Nov-95,201959,131474,88339,40939,46491,14961,10635,4036,538834
36,Dec-95,190179,124488,93363,34985,35940,10460,10475,3314,503204
36,Jan-96,214641,131437,103997,42042,50036,13048,10159,3603,568963
36,Feb-96,210349,138638,99408,40672,46195,12333,10447,3605,561647
36,Mar-96,217558,143845,94180,42059,49897,13741,10895,3625,575800
36,Apr-96,204537,132461,109775,38454,51917,13207,10404,3548,564303
36,May-96,269311,160975,122887,49560,60984,15978,14361,4500,698556
36,Jun-96,192891,142430,92700,38868,45897,12042,10120,3448,538396
36,Jul-96,213041,153711,118152,43861,55566,15805,11028,3522,614686
36,Aug-96,233011,160510,102597,43559,57505,14640,12449,3547,627818
36,Sep-96,228847,150513,119082,43121,47476,13944,12137,3704,618824
36,Oct-96,231221,157204,115766,44359,54488,14116,12570,3887,633611
36,Nov-96,231941,139269,117783,44119,56746,13827,13007,4101,620793
36,Dec-96,184781,137393,96373,41960,44617,12950,9990,3462,531526
36,Jan-97,228079,150740,115873,45064,50342,13903,11857,3515,619373
36,Feb-97,214024,128663,118727,42268,49695,12574,11444,3918,581313
36,Mar-97,218553,132258,109449,44328,50559,12518,11668,4278,583611
36,Apr-97,252168,161297,125123,47367,57248,15215,13922,4385,676725
36,May-97,252612,164656,120017,45119,60862,15870,13914,3847,676897
36,Jun-97,219553,144598,114563,44715,52716,14037,11887,3441,605510
36,Jul-97,258869,158299,124460,50072,55654,16104,13719,4441,681618
36,Aug-97,235195,152062,116753,48048,60509,14355,12645,4212,643779
36,Sep-97,255857,157762,128294,46619,56884,14646,13794,4168,678024
36,Oct-97,227509,159050,126077,46051,59831,14289,12947,4050,649804
36,Nov-97,237101,146823,115675,46536,52775,13647,12424,4541,629522
36,Dec-97,194153,143034,115885,43890,56212,12371,10399,4181,580125
36,Jan-98,220267,141742,114099,42106,48252,12358,11317,4115,594256
36,Feb-98,232413,145484,127978,40775,58728,12968,12378,3773,634497
36,Mar-98,252323,163378,140359,54183,54993,14840,13169,4740,697985
36,Apr-98,242966,149172,125070,46362,57408,13854,12842,4351,652025
36,May-98,255691,177739,137190,51910,59108,15235,14570,4492,715935
36,Jun-98,245149,152933,129050,49471,60148,12894,13671,4189,667505
36,Jul-98,276018,185933,146881,51185,62241,16810,15391,4518,758977
36,Aug-98,237049,166938,129544,49002,60229,14384,13522,3689,674357
36,Sep-98,262569,170618,133844,54427,63604,14946,14650,4944,719602
36,Oct-98,241466,168561,132027,51702,62032,15051,13241,4686,688766
36,Nov-98,249672,153248,140099,49180,61223,14350,13528,4139,685439
36,Dec-98,215158,154149,125114,49588,57897,13911,11329,4074,631220
36,Jan-99,220279,139114,113438,43977,51149,12392,11553,4175,596077
36,Feb-99,244361,158686,137436,50236,60395,13918,12859,4331,682222
36,Mar-99,279250,174294,154913,55391,65833,16525,14603,4630,765439
36,Apr-99,258529,173770,130397,50442,61000,15842,13883,4847,708710
36,May-99,263929,165295,143658,53455,63064,15431,14379,4487,723698
36,Jun-99,248635,168289,135893,53852,65292,15424,13631,4586,705602
36,Jul-99,261699,179060,141724,52686,61339,16604,13602,4218,730932
36,Aug-99,271146,189530,129577,55693,66279,17214,14313,4237,747989
36,Sep-99,294356,180911,144650,57235,64809,16538,15272,4898,778669
36,Oct-99,247033,172278,130099,51321,61973,16079,12856,4521,696160
36,Nov-99,258027,177477,149958,57433,64758,16486,13931,4952,743022
36,Dec-99,249036,164020,129178,51271,62052,15284,12354,4901,688096
36,Jan-00,222154,148931,119793,45919,53017,13062,10581,4127,617584
36,Feb-00,259157,169694,139067,54128,63904,14934,13359,4812,719055
36,Mar-00,309592,191087,163369,63084,71507,18551,14787,5656,837633
36,Apr-00,235283,163103,123765,47650,56681,14783,11559,4108,656932
36,May-00,290931,195474,149759,58176,70460,18388,14535,5017,802740
36,Jun-00,267085,184470,145369,54697,66655,16221,13152,5109,752758
36,Jul-00,260126,184629,141476,59952,66115,17142,12372,4790,746602
36,Aug-00,316033,197152,157954,62386,75969,18230,15282,4932,847938
36,Sep-00,262735,170079,137297,57962,66069,15302,12057,5178,726679
36,Oct-00,262404,190140,150327,57415,63566,16007,12542,4707,757108
36,Nov-00,282812,189144,155570,58679,70390,17190,13076,5814,792675
36,Dec-00,234479,155955,117870,48507,56744,13571,11444,4794,643364
36,Jan-01,249810,174449,140479,58263,61358,16107,11757,5426,717649
36,Feb-01,280303,198570,163864,57456,72477,18040,12551,5122,808383
36,Mar-01,315907,202830,171439,68579,75857,19055,14369,6835,874871
36,Apr-01,256292,168137,138748,55581,61806,16510,11934,4981,713989
36,May-01,328195,215805,165739,64929,80748,21337,14678,6603,898034
36,Jun-01,281221,188035,150818,63356,67247,17506,12331,5658,786172
36,Jul-01,311804,192044,165019,62128,71238,20415,13227,4899,840774
36,Aug-01,318275,207667,158252,67397,74756,20080,13617,5641,865685
36,Sep-01,281490,180582,148905,57823,64863,17408,11783,5054,767908
36,Oct-01,317575,200538,169022,62940,70841,20105,13150,6545,860716
36,Nov-01,302496,193010,165859,62624,73439,18975,12181,5717,834301
36,Dec-01,236301,159963,121618,50783,57663,15353,9808,4553,656042
36,Jan-02,268037,173835,145035,57728,66011,17090,9724,6107,743567
36,Feb-02,283286,173823,148933,58979,68360,17155,11098,5499,767133
36,Mar-02,305323,193065,156483,60846,68190,18809,11594,5818,820128
36,Apr-02,302341,190092,158942,61942,71123,19105,11494,6881,821920
36,May-02,332333,227828,170442,68819,82238,22781,12524,5979,922944
36,Jun-02,278371,172054,142589,58031,66090,16855,9869,5718,749577
36,Jul-02,326758,211106,172244,69607,76225,22323,11329,6629,896221
36,Aug-02,331145,206288,161669,66872,77814,20485,11134,5745,881152
36,Sep-02,312747,188670,150023,63543,69784,18726,10852,6506,820851
36,Oct-02,321296,197632,165544,63611,77768,20293,10772,7729,864645
36,Nov-02,302308,184499,152588,62346,72036,18861,10266,6667,809571
36,Dec-02,275169,166133,135701,55821,65357,17652,9441,7631,732905
36,Jan-03,275683,180079,141977,53963,68342,17163,9342,6562,753111
36,Feb-03,301739,185156,154416,59962,72009,17226,10382,5650,806540
36,Mar-03,326560,192784,167807,65584,71472,19731,10458,7680,862076
36,Apr-03,298556,182328,145741,56252,68193,18780,10735,7329,787914
36,May-03,331035,205454,166085,64804,80754,21020,11384,7174,887710
36,Jun-03,297772,186378,148612,61964,73637,18164,10217,6996,803740
36,Jul-03,339811,213039,176293,70421,80159,22715,11595,7310,921343
36,Aug-03,321693,190851,162402,64083,74085,19056,10774,5927,848871
36,Sep-03,339413,196597,165680,66547,73492,18687,11722,6788,878926
36,Oct-03,333972,201901,175298,64613,82512,20746,11084,7425,897551
36,Nov-03,303991,186528,156772,61364,72124,17796,9495,6706,814776
36,Dec-03,300007,178262,148485,58273,69860,18232,9414,6605,789138
36,Jan-04,288795,171488,147403,53873,64916,16127,8712,6370,757684
36,Feb-04,303814,181492,156968,63470,70074,17754,9900,5810,809282
36,Mar-04,359645,218919,175243,71114,81411,20913,11316,7935,946496
36,Apr-04,293937,197514,158813,62082,72347,19755,9637,6468,820553
36,May-04,356876,214547,174813,62617,76689,20216,11069,6385,923212
36,Jun-04,322259,206932,161066,69420,80114,19785,10492,7473,877541
36,Jul-04,373064,224772,186409,70246,78041,23492,12114,6714,974852
36,Aug-04,352897,215694,178285,69878,82594,21393,11360,5887,937988
36,Sep-04,339373,211377,175403,68357,82491,20410,10973,6946,915330
36,Oct-04,335858,209604,175351,64288,75606,21531,10145,6801,899184
36,Nov-04,360458,210206,187748,71492,83354,22077,11568,6569,953472
36,Dec-04,330895,199500,166277,64875,74871,19776,11030,6991,874215
36,Jan-05,265286,174035,141728,54403,64918,17107,8314,5618,731409
36,Feb-05,319464,193762,172098,64904,74676,18589,9841,5889,859223
36,Mar-05,342413,203946,177455,67504,80562,19681,10847,8398,910806
36,Apr-05,325050,205590,170560,63070,75208,20985,10480,6667,877610
36,May-05,361154,225213,180151,70806,82322,22892,11642,6930,961110
36,Jun-05,333257,207933,169644,66487,77453,20202,10676,7122,892774
36,Jul-05,326384,210994,171553,66032,76563,21918,10384,5615,889443
36,Aug-05,366645,236835,187938,75378,89018,23389,11542,8035,998780
36,Sep-05,356389,214494,177239,69510,73816,21063,10769,6512,929792
36,Oct-05,317465,209915,177209,61495,80832,20653,9778,5549,882896
36,Nov-05,354889,218564,188447,72063,81554,22512,11167,6286,955482
36,Dec-05,306016,194096,156118,60441,69656,19849,9813,5759,821748
36,Jan-06,294896,186807,155006,58806,70062,19004,9241,5913,799735
36,Feb-06,334467,211087,179458,66427,75222,20017,11173,6043,903894
36,Mar-06,393938,234016,201659,72271,85328,23503,12687,7541,1030943
36,Apr-06,291853,190385,147617,55912,66125,18878,9705,5540,786015
36,May-06,393164,255777,193565,77898,90922,25630,12756,7618,1057330
36,Jun-06,329265,208202,168747,66489,78172,21520,10689,7246,890330
36,Jul-06,344581,224772,170726,65778,77010,22672,11187,5368,922094
36,Aug-06,385900,242833,191209,75685,87767,24251,12961,7232,1027838
36,Sep-06,357398,216988,176469,67159,80040,21280,12135,6677,938146
36,Oct-06,337138,231046,181301,65716,78856,23264,11799,6825,935945
36,Nov-06,365245,221013,187639,70968,83988,22809,12547,7033,971242
36,Dec-06,295169,191790,148228,57726,70061,19333,10431,6321,799059
36,Jan-07,304560,192670,163269,62515,73808,20398,10531,6626,834377
36,Feb-07,334781,206415,173672,63102,76545,20292,11161,6381,892349
36,Mar-07,367527,227984,191630,71610,81195,23523,12196,8163,983828
36,Apr-07,295333,188074,153052,56152,68809,19408,10112,6026,796966
36,May-07,398231,251488,195779,77700,89894,25952,13728,7194,1059966
36,Jun-07,326944,211861,164866,64263,75684,20114,11105,6308,881145
36,Jul-07,350495,224852,175377,68538,79523,23656,11420,6932,940793
36,Aug-07,385951,243036,186136,72707,83974,24581,13023,7406,1016814
36,Sep-07,338384,217665,175366,64180,76669,21263,11991,7387,912905
36,Oct-07,367870,240860,192041,69371,82317,25023,12354,8834,998670
36,Nov-07,365002,222045,183066,69154,82860,22872,12379,8144,965522
36,Dec-07,305006,197233,152284,58502,68702,19984,9845,6529,818085
36,Jan-08,318414,202187,166726,63328,74672,21194,11426,7231,865178
36,Feb-08,363945,230806,187509,71153,81641,23163,12140,7979,978336
36,Mar-08,338026,205025,170850,62656,73765,21255,10972,7834,890383
36,Apr-08,350557,226413,184881,68979,78497,24236,11647,7176,952386
36,May-08,345443,217319,168052,67330,74261,22571,12295,7797,915068
36,Jun-08,289801,184509,147769,59117,65118,18670,9865,6322,781171
36,Jul-08,319469,195879,162270,63202,66012,21740,10904,6756,846232
36,Aug-08,298897,185379,145929,58240,64391,18703,10193,5740,787472
36,Sep-08,298570,181108,149611,59682,62275,18112,10498,6750,786606
36,Oct-08,308554,204937,166566,62431,71561,20466,10890,7189,852594
36,Nov-08,281263,170122,145756,57044,63410,17826,9868,5937,751226
36,Dec-08,258932,170540,135342,54576,59634,17621,9585,6616,712846
36,Jan-09,251161,153724,137406,52138,57263,15846,8706,5287,681531
36,Feb-09,285375,174998,152272,56506,63766,17335,9898,6899,767049
36,Mar-09,308923,187134,164137,59456,66447,19530,10739,7374,823740
36,Apr-09,271353,172843,142379,54740,57371,18253,9173,6862,732974
36,May-09,289810,186562,143707,58845,64954,18895,10666,6528,779967
36,Jun-09,276612,169366,143999,56579,62657,17998,9975,6269,743455
36,Jul-09,294445,193008,155064,61221,66572,19774,10188,6681,806953
36,Aug-09,295597,183121,146953,58830,63192,17865,10311,5966,781835
36,Sep-09,301141,184258,154748,61654,63141,18309,10252,7434,800937
36,Oct-09,287446,196977,158554,58491,67515,18512,9556,6827,803878
36,Nov-09,290429,177500,152423,58437,65301,18176,9244,6841,778351
36,Dec-09,263123,172021,137997,53190,59261,16816,8829,7189,718426
36,Jan-10,234696,153683,133740,51614,55606,15489,8167,6368,659363
36,Feb-10,294953,186181,157455,60121,66966,17332,10136,6980,800124
36,Mar-10,334421,203025,174146,65963,72468,21067,10791,9128,891009
36,Apr-10,264795,172536,141710,54951,59592,18281,9157,6692,727714
36,May-10,298149,193280,153628,62738,68772,19786,10091,6727,813171
36,Jun-10,295497,188720,157419,62376,69275,18975,10137,7413,809812
36,Jul-10,306381,198632,164867,62611,68062,21650,10115,7123,839441
36,Aug-10,315937,198207,163916,65114,71885,21242,10343,6762,853406
36,Sep-10,317958,200509,169496,65016,69653,20814,10248,8010,861704
36,Oct-10,293217,197475,167279,60754,70017,20799,10111,7348,827000
36,Nov-10,322928,200746,174464,66721,75435,22406,11348,7942,881990
36,Dec-10,274526,180010,145505,55213,62678,18826,9363,6997,753118
36,Jan-11,253076,161654,136393,53387,59316,17886,8862,6541,697115
36,Feb-11,307025,195124,168163,61977,70263,20859,10632,7673,841716
36,Mar-11,349456,221552,195359,69931,78625,23945,12087,9242,960197
36,Apr-11,271624,176594,149970,56171,62986,19603,9932,6689,753569
36,May-11,335191,216046,177811,69744,77100,23013,11429,7932,918266
36,Jun-11,314273,207268,173491,67913,74279,20861,11346,8041,877472
36,Jul-11,314275,203253,177899,65497,69766,22540,10856,6851,870937
36,Aug-11,356987,230095,196089,74864,80681,24940,12019,8403,984078
36,Sep-11,328166,211250,182803,69696,74794,22661,11337,8174,908881
36,Oct-11,318036,207682,184890,64140,68962,22362,10487,7631,884190
36,Nov-11,342400,216162,196534,72261,79690,24305,12104,8603,952059
36,Dec-11,297295,192655,162912,60892,66765,20414,9770,7183,817886
36,Jan-12,295922,188245,174688,62698,69587,21459,10242,7671,830512
36,Feb-12,356126,226773,205433,73284,81632,24712,12258,8951,989169
36,Mar-12,375926,237274,216407,74801,83246,27788,12697,9000,1037139
36,Apr-12,306444,198318,177444,62370,69525,22350,10893,8235,855579
36,May-12,382958,256465,216493,80055,89183,28780,13464,9253,1076651
36,Jun-12,334686,217071,190328,67499,75384,24083,11567,8460,929078
36,Jul-12,353730,234278,204129,71196,77767,25812,11931,8095,986938
36,Aug-12,386760,251551,218006,79237,87457,27618,13376,9620,1073625
36,Sep-12,346083,227242,194283,68708,79927,23543,11959,8420,960165
36,Oct-12,386289,259821,221056,76907,86764,27174,13066,10099,1081176
36,Nov-12,385488,247567,222512,78332,89607,26536,13728,9425,1073195
36,Dec-12,312067,204388,171912,63130,69358,21182,10722,7417,860176
36,Jan-13,338113,219585,199459,69343,80352,23720,12229,8128,950929
36,Feb-13,374065,246438,219020,76162,86734,25237,13298,9267,1050221
36,Mar-13,392289,242891,224613,74341,85848,26017,12914,9191,1068104
36,Apr-13,377821,250869,218716,74143,88771,26563,13399,9774,1060056
36,May-13,436130,287442,250647,87990,100467,31284,15027,10344,1219331
36,Jun-13,355422,242006,207221,73732,85880,25650,12354,8848,1011113
36,Jul-13,416233,274295,243756,82383,95894,28846,14273,9105,1164785
36,Aug-13,416123,270559,238442,82259,97187,29060,14448,9893,1157971
36,Sep-13,390194,258413,228108,79024,90476,27935,12967,9853,1096970
36,Oct-13,414170,290227,245375,83178,103820,28894,14391,11003,1191058
36,Nov-13,406489,261274,239983,81474,99927,28390,13969,10079,1141585
36,Dec-13,347063,231775,199363,69970,83160,24088,11479,8400,975298
36,Jan-14,368686,236758,221257,73151,89850,25567,12600,9665,1037534
36,Feb-14,398809,261082,242922,79430,99890,27142,13713,9288,1132276
36,Mar-14,444027,279880,261081,85147,103811,28469,15030,11771,1229216
36,Apr-14,387122,254424,227995,77532,95920,27441,13485,10242,1094161
36,May-14,450154,295657,264702,90199,112670,31084,15776,11214,1271456
36,Jun-14,400680,262717,240446,81037,100397,27681,13650,10634,1137242
36,Jul-14,442591,286435,262623,87979,106913,29868,15273,10924,1242606
36,Aug-14,419528,274637,248264,82982,106842,28410,14716,10315,1185694
36,Sep-14,443834,288117,263616,87563,106002,30807,14995,11323,1246257
36,Oct-14,448060,310664,274090,89152,117010,30566,15579,11920,1297041
36,Nov-14,418762,265353,252171,83391,106438,27727,14496,10435,1178773
36,Dec-14,393550,260044,234883,79045,100121,27061,13033,10250,1117987
36,Jan-15,373693,245109,235312,75339,95372,25285,13553,9504,1073167
36,Feb-15,425891,281921,264264,85938,108305,28466,15285,10601,1220671
36,Mar-15,476580,301858,293538,92647,116616,31613,16704,11789,1341345
36,Apr-15,420122,286256,260192,83927,104798,30046,15323,10001,1210665
36,May-15,457735,302167,273750,92400,115865,31684,16397,11061,1301059
36,Jun-15,443005,301397,272595,93005,118352,31421,16493,11785,1288053
36,Jul-15,474981,313980,290561,95989,120913,32613,16743,11061,1356841
36,Aug-15,458293,302611,276487,91960,118712,30561,16650,11879,1307153
36,Sep-15,464498,303839,281630,95401,117028,32513,16174,12182,1323265
36,Oct-15,467135,311391,287457,93586,126194,32115,16878,12542,1347298
36,Nov-15,464600,299362,287270,94560,123957,31666,17215,12660,1331290
36,Dec-15,413545,279527,251900,84778,109662,28451,14518,11591,1193972
36,Jan-16,391195,256919,245066,81845,104982,26414,14911,10256,1131588
36,Feb-16,485296,325063,307049,101220,130572,32510,17966,12874,1412550
36,Mar-16,492833,313493,307066,99069,129402,32530,17821,12345,1404559
36,Apr-16,475660,322034,297064,96113,127680,31889,17694,12043,1380177
36,May-16,521460,348228,314395,106896,138781,35497,19233,13886,1498376
36,Jun-16,477341,315816,306926,100593,129719,32490,17408,12640,1392933
36,Jul-16,465414,312353,294772,93617,124173,29982,17569,10884,1348764
36,Aug-16,530983,354814,329947,109294,144766,35325,20255,13308,1538692
36,Sep-16,500375,320779,313019,102369,133749,33305,18245,12864,1434705
36,Oct-16,474332,328982,304638,96140,135113,31454,18293,12842,1401794
36,Nov-16,519781,341767,329875,105899,144001,34418,20459,13700,1509900
36,Dec-16,424114,284642,259508,85536,117491,28600,16087,11173,1227151
36,Jan-17,439631,294092,289145,89840,125989,28833,17078,11903,1296511
36,Feb-17,506427,340210,328092,102958,144057,31785,19828,14383,1487740
36,Mar-17,572933,369660,359224,112440,153879,37093,21861,15114,1642204
36,Apr-17,429969,289015,276257,87414,120288,28522,17091,11708,1260264
36,May-17,577242,394051,364691,118694,164778,40272,22984,16301,1699013
36,Jun-17,503960,342630,339024,104718,146706,35372,19912,13717,1506039
36,Jul-17,505871,342447,329640,101903,141559,33399,19403,12550,1486772
36,Aug-17,561200,381844,363195,116809,164342,39599,22142,15394,1664525
36,Sep-17,511976,338430,329210,107065,144867,35113,19545,14400,1500606
36,Oct-17,531541,376853,352495,108598,162873,35211,21402,15875,1604848
36,Nov-17,555181,368123,362174,114675,164270,37596,22583,16810,1641412
36,Dec-17,442729,312252,286179,89760,132264,30067,17135,12737,1323123
36,Jan-18,488567,335826,330545,100718,146985,32919,20576,13293,1469429
36,Feb-18,524274,360937,347356,107640,157802,33940,21184,15005,1568138
36,Mar-18,576426,375181,373375,112642,161011,36626,22556,16460,1674277
36,Apr-18,506213,348601,326976,104012,146772,33987,20552,14446,1501559
36,May-18,612070,422536,385669,125472,178698,40844,24140,17290,1806719
36,Jun-18,518255,356245,350179,109518,151731,34739,21519,14469,1556655
36,Jul-18,544863,378647,360720,115130,158070,35619,21680,13771,1628500
36,Aug-18,592503,409830,386326,124625,174144,40611,23822,16165,1768026
36,Sep-18,526449,344095,343304,108947,145529,34854,21571,14563,1539312
36,Oct-18,576949,415666,384869,121133,178430,38137,23752,16747,1755683
36,Nov-18,575724,383680,378254,119989,169808,37970,23867,15739,1705031
36,Dec-18,456379,322879,294674,94819,134105,30505,18276,12708,1364345
36,Jan-19,507311,347806,341706,105061,152941,32932,22035,13092,1522884
36,Feb-19,556242,382851,365238,114226,163469,35885,23436,14914,1656261
36,Mar-19,598045,398255,390188,119329,170421,37556,24877,17210,1755881
36,Apr-19,521925,363540,337813,107044,151085,33697,22321,14619,1552044
36,May-19,628502,438485,392306,127641,184921,41711,25320,16594,1855480
36,Jun-19,513675,359841,346500,107496,150613,34636,21852,14996,1549609
36,Jul-19,575816,406755,373912,120112,164466,37127,24087,14902,1717177
36,Aug-19,593905,417056,381968,124498,176717,38558,25230,15373,1773305
36,Sep-19,547273,367275,351355,115599,156408,35735,23520,15465,1612630
36,Oct-19,572691,424417,375871,119334,176832,37249,24814,16251,1747459
36,Nov-19,553409,382886,364903,115831,168695,36499,24208,15689,1662120
36,Dec-19,455371,335586,296785,96526,138749,31148,19441,12484,1386090
36,Jan-20,496258,358145,335784,105179,154590,33611,21873,13170,1518610
36,Feb-20,542058,391695,359499,113961,165828,36275,23202,14744,1647262
36,Mar-20,509867,345446,333461,102853,147917,32732,21835,15214,1509325
36,Apr-20,329487,215877,225183,63136,91806,17223,13571,11595,967878
36,May-20,419152,283576,288578,88704,136777,24482,19094,13181,1273544
36,Jun-20,467960,320908,338601,102538,155217,31828,20687,14576,1452315
36,Jul-20,506221,294399,356488,112428,170345,36960,23996,13564,1514401
36,Aug-20,469681,239324,324235,107853,165507,35075,22455,12784,1376914
36,Sep-20,507072,291767,344403,115619,163322,38838,24053,14532,1499606
36,Oct-20,506533,327933,356679,111044,172304,35925,23251,13908,1547577
36,Nov-20,517362,349312,361760,102300,166631,36424,23873,14130,1571792
36,Dec-20,458692,341422,316649,98694,149425,33156,20530,12400,1430968
36,Jan-21,438954,319560,305545,96516,145335,30518,20119,12516,1369063
36,Feb-21,516059,365529,360843,112444,147660,35938,23921,14005,1576399
36,Mar-21,575727,408974,393373,122320,179727,40492,25885,16381,1762879
36,Apr-21,513921,377281,322134,104462,151823,35510,22670,13206,1541007
36,May-21,543722,395050,351147,116410,169995,39847,24274,14948,1655393
5020,Jan-05,80156,41641,25996,11679,6625,2600,1554,877,171128
5020,Feb-05,97647,44419,28961,13493,7055,2392,1522,1342,196831
5020,Mar-05,107201,60424,32855,15519,10269,3189,1989,1452,232898
5020,Apr-05,122692,56456,36889,16958,9387,3150,2177,1648,249357
5020,May-05,117230,59266,39983,19256,9015,3233,1995,1321,251299
5020,Jun-05,125675,68056,37461,19276,11009,3161,2203,1510,268351
5020,Jul-05,113544,62687,35860,18488,11617,3210,2240,1373,249019
5020,Aug-05,131042,68935,46561,20433,12069,3751,2904,1683,287378
5020,Sep-05,128401,58868,39873,18209,10562,2846,2526,1561,262846
5020,Oct-05,120422,58967,38488,18327,11239,2900,2457,1427,254227
5020,Nov-05,119332,65458,38996,17956,10308,3099,2220,1805,259174
5020,Dec-05,105893,56660,38634,16252,9201,2617,2371,1617,233245
5020,Jan-06,132612,66461,47838,21521,11039,3503,2984,2007,287965
5020,Feb-06,117965,56755,38218,18866,9256,2448,2680,1467,247655
5020,Mar-06,126257,66948,39259,21302,11327,3346,3744,1784,273967
5020,Apr-06,122400,64797,41740,19706,10193,3181,3436,1545,266998
5020,May-06,134966,73636,48891,21562,12104,3069,4017,1804,300049
5020,Jun-06,121766,72583,42536,20974,11131,3077,3582,1705,277354
5020,Jul-06,132330,73107,42075,21200,11462,3075,4559,1425,289233
5020,Aug-06,143828,77043,50313,22792,11922,3808,4686,1868,316260
5020,Sep-06,132887,67210,41909,20126,11133,3126,4849,1563,282803
5020,Oct-06,134969,69005,44472,23260,12340,3119,4837,1721,293723
5020,Nov-06,126986,70071,40758,20219,11427,3114,4230,1620,278425
5020,Dec-06,113249,64182,40233,19364,10284,2983,4281,1494,256070
5020,Jan-07,143264,78506,51341,24914,13508,3677,5926,1793,322929
5020,Feb-07,123508,64125,40026,19092,10674,2670,4126,1426,265647
5020,Mar-07,134089,80094,44249,23569,12646,3172,4933,1715,304467
5020,Apr-07,140443,80401,48504,22258,12678,3358,5430,1615,314687
5020,May-07,150770,81544,52302,24594,12964,3229,5251,1917,332571
5020,Jun-07,134711,79032,48015,21890,12854,3375,5229,1509,306615
5020,Jul-07,156081,81515,52579,23282,15269,3890,6425,1494,340535
5020,Aug-07,160973,102035,66878,28029,15144,4720,5962,2051,385792
5020,Sep-07,146821,85927,51256,24407,15223,3587,5779,1625,334625
5020,Oct-07,156719,84598,51862,25957,15152,3753,6024,1779,345844
5020,Nov-07,136832,85239,46168,22031,12751,3315,5757,1697,313790
5020,Dec-07,128195,79447,47301,19559,10934,3572,4235,1649,294892
5020,Jan-08,158589,93541,59113,28470,15025,4436,7090,1953,368217
5020,Feb-08,141312,79974,51722,24323,11895,3634,4956,1673,319489
5020,Mar-08,150840,98853,54097,25769,14058,4086,5721,1922,355346
5020,Apr-08,157277,97292,60415,28491,14256,3629,5350,1812,368522
5020,May-08,147464,90928,53658,25616,13532,3630,6689,1734,343251
5020,Jun-08,150890,102078,57316,27519,14427,3809,5762,1571,363372
5020,Jul-08,148085,89156,54558,25503,13319,3655,5722,1385,341383
5020,Aug-08,155567,100802,62560,24150,13558,3975,5465,2001,368078
5020,Sep-08,156522,106655,61990,27671,14672,4656,6848,1804,380818
5020,Oct-08,155110,94200,53656,28857,15040,4183,6203,1815,359064
5020,Nov-08,138334,96025,49861,24513,12541,3532,6775,1526,333107
5020,Dec-08,141372,96114,59086,24961,12615,4032,5572,1626,345378
5020,Jan-09,150701,94539,63334,26360,14021,3837,6311,1812,360915
5020,Feb-09,134628,84933,53174,22803,11672,3373,5390,1370,317343
5020,Mar-09,159093,109750,62967,27624,13696,3720,6901,1679,385430
5020,Apr-09,164026,108746,65727,29713,14563,4174,7442,1576,395967
5020,May-09,147160,108947,65078,26220,13436,3202,6948,2026,373017
5020,Jun-09,178569,136947,69428,32185,14121,4069,7876,1753,444948
5020,Jul-09,169238,104805,66215,29362,14630,4099,8101,1971,398421
5020,Aug-09,151264,110137,75886,30303,16668,3807,7358,1990,397413
5020,Sep-09,136094,98645,59435,25671,14594,3607,5985,1809,345840
5020,Oct-09,149945,107127,58495,28250,14785,3793,6000,1643,370038
5020,Nov-09,151020,124560,61170,26278,12813,3775,6066,1586,387268
5020,Dec-09,148021,110577,62014,24760,13069,3471,6214,1773,369899
5020,Jan-10,138141,108773,67071,24713,13702,3423,6022,1521,363366
5020,Feb-10,140011,96734,62141,21705,12224,3097,5296,1752,342960
5020,Mar-10,171459,126036,72114,26443,14932,3633,6589,1602,422808
5020,Apr-10,158782,123605,74452,26648,14503,3317,6505,1766,409578
5020,May-10,151910,123256,74320,24870,14057,3271,5699,1663,399046
5020,Jun-10,155076,125971,68056,27301,15933,3504,6599,1495,403935
5020,Jul-10,146412,113909,62305,25385,15234,3289,5393,1307,373234
5020,Aug-10,166067,131194,76167,26780,17267,4168,6580,1755,429978
5020,Sep-10,156500,127360,68368,26926,18397,3583,6656,1707,409497
5020,Oct-10,159036,118741,66032,27334,17015,3692,6974,1613,400437
5020,Nov-10,165975,143206,72461,27745,17225,3723,6492,1890,438717
5020,Dec-10,159662,124161,71059,24122,16376,3532,6292,1886,407090
5020,Jan-11,175293,135175,86371,26873,19468,3679,7305,2008,456172
5020,Feb-11,145285,107554,67458,21250,15078,2969,5454,1614,366662
5020,Mar-11,164392,135570,75040,25650,18073,3428,6479,2152,430784
5020,Apr-11,168557,133919,84102,27495,18467,3496,6490,1542,444068
5020,May-11,177593,136805,86845,27084,18992,3649,6423,2318,459709
5020,Jun-11,168544,135278,80635,28051,19541,3495,7140,1632,444316
5020,Jul-11,160048,124552,74577,27198,19594,3535,5926,1748,417178
5020,Aug-11,182205,142872,89271,28869,22556,4274,6514,1848,478409
5020,Sep-11,152948,125924,75828,26336,21389,3590,5904,1660,413579
5020,Oct-11,175292,131837,75668,29209,22697,3732,6450,1883,446768
5020,Nov-11,155431,134958,73402,26814,21373,3557,5360,1508,422403
5020,Dec-11,156676,127346,71637,26416,19282,3299,5428,1533,411617
5020,Jan-12,174660,134652,84771,30204,24211,3899,5880,2187,460464
5020,Feb-12,157935,123104,73489,24890,21060,2966,5492,1692,410628
5020,Mar-12,162854,142833,76748,29427,23188,3549,6033,1679,446311
5020,Apr-12,193815,156624,91225,35807,25508,4003,7503,2370,516855
5020,May-12,170407,139784,83590,29052,23585,3452,6645,2099,458614
5020,Jun-12,178980,148997,82906,31300,26493,3743,6656,2138,481213
5020,Jul-12,181022,153714,86581,32919,28035,4435,7550,2070,496326
5020,Aug-12,175778,142376,92014,29777,26678,3804,6569,2483,479479
5020,Sep-12,164483,137624,76494,28822,24314,3536,6053,1937,443263
5020,Oct-12,185093,146525,85922,32088,27160,3993,7680,2639,491100
5020,Nov-12,162139,145082,71872,26360,22601,3315,6063,2811,440243
5020,Dec-12,173268,146841,79463,30325,24427,3614,5938,2986,466862
5020,Jan-13,174105,144915,81814,30121,27843,3709,7224,2868,472599
5020,Feb-13,159699,128243,76401,26608,23224,3056,5839,3124,426194
5020,Mar-13,180551,163462,84833,31389,28344,3682,6894,3273,502428
5020,Apr-13,212123,176549,97365,35367,31833,3899,8029,3335,568500
5020,May-13,169558,151007,79536,28942,25705,3419,6765,3187,468119
5020,Jun-13,177048,164484,82877,31257,28585,3947,7311,3260,498769
5020,Jul-13,193457,164310,83985,31918,29253,3638,7143,3148,516852
5020,Aug-13,187010,162853,90416,30704,28636,3727,7161,3174,513681
5020,Sep-13,181866,167280,85429,33447,30302,4054,6325,3749,512452
5020,Oct-13,182812,155456,86618,33618,31828,4150,7510,3614,505606
5020,Nov-13,166168,162809,75305,29172,29117,3430,5898,3007,474906
5020,Dec-13,185922,165567,83561,32840,30777,4169,6355,3750,512941
5020,Jan-14,181320,162957,86635,31044,29559,3670,6780,3713,505678
5020,Feb-14,168598,143070,76872,28080,26263,3462,5534,3406,455285
5020,Mar-14,202478,193657,89028,36374,34662,4010,6975,3989,571173
5020,Apr-14,216338,190586,96987,36851,34681,4147,7319,3860,590769
5020,May-14,181254,169613,80678,31444,30109,3395,6615,4255,507363
5020,Jun-14,202070,196307,91696,38354,35658,4248,7052,4448,579833
5020,Jul-14,186183,169139,83227,33574,34375,3786,6900,3633,520817
5020,Aug-14,197439,191080,95552,36047,36071,4339,7089,4079,571696
5020,Sep-14,201102,191464,89317,38865,37552,4128,7137,4148,573713
5020,Oct-14,187088,170497,86632,35511,36129,3711,6937,3662,530167
5020,Nov-14,178412,183628,80414,31893,32854,3855,5935,3802,520793
5020,Dec-14,190160,178251,87554,34390,34863,4154,6270,4615,540257
5020,Jan-15,190357,176956,90611,33832,35455,3919,6304,4746,542180
5020,Feb-15,180158,158155,81458,30731,31054,3268,5579,4342,494745
5020,Mar-15,207369,203231,94117,37027,39719,3912,6874,4844,597093
5020,Apr-15,209320,202805,100420,37735,40011,3793,6802,4909,605795
5020,May-15,194708,191066,88361,33880,36372,3663,6204,4696,558950
5020,Jun-15,218262,211958,97007,40084,43283,4203,7492,5006,627295
5020,Jul-15,195446,185935,88343,34417,38755,4086,6507,4577,558066
5020,Aug-15,233850,225428,114662,40903,45663,5242,7485,5550,678783
5020,Sep-15,196553,193801,91139,36025,44162,4548,6581,4897,577706
5020,Oct-15,198206,203436,92064,36607,39962,3947,6620,4496,585338
5020,Nov-15,204293,206386,91407,33894,38967,3934,6718,4927,590526
5020,Dec-15,188777,188323,91843,33697,37979,3645,6330,4943,555537
5020,Jan-16,203862,202889,95888,36719,41139,3807,6789,5328,596421
5020,Feb-16,205944,198681,93845,34327,39393,3581,6268,5429,587468
5020,Mar-16,218550,235089,103287,40989,47063,3889,8323,5638,662828
5020,Apr-16,211934,216940,98951,36728,43949,3498,7003,5672,624675
5020,May-16,221234,223790,110460,39480,46085,3582,7144,5934,657709
5020,Jun-16,197053,214066,83601,37469,45804,3796,6689,5173,593651
5020,Jul-16,199230,201011,89677,36200,44312,3554,6805,4953,585742
5020,Aug-16,226196,226119,109638,39914,51926,4104,6930,6174,671001
5020,Sep-16,199986,210536,91660,36279,50781,3914,6837,4835,604828
5020,Oct-16,219105,228271,104083,42881,49579,4306,7041,5440,660706
5020,Nov-16,195987,224320,88752,37083,44094,3590,6404,4905,605135
5020,Dec-16,180187,198434,84040,35981,40688,3582,6452,4929,554293
5020,Jan-17,224374,226610,106357,41275,48278,4135,7669,6018,664716
5020,Feb-17,195661,193133,88507,33217,41577,3377,6381,5183,567036
5020,Mar-17,209206,220873,93188,38052,48553,3540,7600,5097,626109
5020,Apr-17,242403,246750,113192,44087,51398,4466,8576,5857,716729
5020,May-17,218333,236144,109517,39898,49401,3577,7434,6069,670373
5020,Jun-17,210729,225114,91675,40130,50099,4019,7414,4997,634177
5020,Jul-17,235527,231922,104300,41103,49409,4319,8255,5700,680535
5020,Aug-17,234237,230480,116780,39889,51416,4645,7748,5378,690573
5020,Sep-17,209050,233915,98513,38444,53386,4551,8368,4933,651160
5020,Oct-17,232948,240208,109650,44148,55071,4246,8327,6128,700726
5020,Nov-17,198436,220982,92140,36300,48968,3661,6705,5190,612382
5020,Dec-17,195108,207073,93727,36908,48747,4058,6751,5242,597614
5020,Jan-18,222058,218739,107980,39238,54589,3909,7281,5826,659620
5020,Feb-18,200043,197628,90818,34080,48297,3307,6316,5384,585873
5020,Mar-18,214330,235612,104059,38666,55440,4134,7524,5288,665053
5020,Apr-18,255849,252505,124029,43805,58784,4464,8394,7045,754875
5020,May-18,230066,239230,116293,39395,52808,3791,8223,5703,695509
5020,Jun-18,220401,227792,92895,39527,55003,4328,7888,5502,653336
5020,Jul-18,231953,231032,103512,39322,56930,4455,7808,5749,680761
5020,Aug-18,209937,211621,106106,36768,54027,4633,7270,5352,635714
5020,Sep-18,214149,227167,99131,36221,57863,4240,7869,5226,651866
5020,Oct-18,237656,236776,111419,40001,58139,4189,8129,5633,701942
5020,Nov-18,211247,221247,95931,36097,50680,3794,7391,5004,631391
5020,Dec-18,217304,227447,102347,37288,53536,4618,8259,5715,656514
5020,Jan-19,236610,227726,111208,39160,56163,4304,8392,6194,689757
5020,Feb-19,214022,207834,96315,33297,49348,3555,7440,5144,616955
5020,Mar-19,229472,242259,102716,39707,58421,4014,8814,5309,690712
5020,Apr-19,268577,280632,131325,48818,63501,4735,9781,7661,815030
5020,May-19,237514,249566,119497,40902,57286,4016,9100,5801,723682
5020,Jun-19,257700,269428,107480,42438,70027,4851,9691,5554,767169
5020,Jul-19,237012,236087,109462,38408,59480,4314,8384,6009,699156
5020,Aug-19,215784,221335,116439,35736,55846,4291,8034,4810,662275
5020,Sep-19,222746,248683,107827,37800,56596,4476,8200,4889,691217
5020,Oct-19,214464,219242,108505,37945,58542,4106,8214,4595,655613
5020,Nov-19,198570,228192,96490,34072,51377,3838,7813,4420,624772
5020,Dec-19,222942,228948,105587,36777,55178,4463,8919,4804,667618
5020,Jan-20,211255,217828,110446,36313,53948,4219,8374,4736,647119
5020,Feb-20,202909,205160,101869,32203,50933,3558,8008,4391,609031
5020,Mar-20,226337,247673,112820,38278,58722,3882,9899,5075,702686
5020,Apr-20,166795,158963,86240,30124,41375,3124,8829,3840,499290
5020,May-20,129641,120151,75582,22856,31482,2418,5911,3596,391637
5020,Jun-20,159417,134786,71756,26019,38706,1843,7149,3962,443638
5020,Jul-20,139327,93239,68205,24455,35994,1650,6005,3488,372363
5020,Aug-20,151833,76394,81922,26917,43561,1887,6476,4259,393249
5020,Sep-20,139914,72572,68298,24011,43583,1869,6217,3042,359506
5020,Oct-20,154168,104300,79570,27468,43176,2071,6943,2860,420556
5020,Nov-20,167453,131996,79967,25453,46813,2353,7750,3403,465188
5020,Dec-20,162364,127770,80780,24228,47924,2316,7357,3632,456371
5020,Jan-21,165371,144923,86513,29878,48807,2675,7939,3676,489782
5020,Feb-21,151875,121656,78245,25482,35998,2081,6446,3056,424839
5020,Mar-21,170496,158415,87027,29962,47336,2579,8354,3147,507316
5020,Apr-21,180445,170542,96554,35367,48255,2909,9013,4183,547268
5020,May-21,199490,173994,101549,33535,48432,3399,9548,4214,574161
91809,Mar-20,267400,221630,172259,63774,81053,22207,9352,2105,839780
91809,Apr-20,1088517,972831,690780,266667,332449,94859,47392,14138,3507633
91809,May-20,1001008,985682,599046,241010,286311,92564,44699,11101,3261421
91809,Jun-20,905627,960018,571242,206280,229404,73690,33839,10065,2990165
91809,Jul-20,966990,1311438,540981,202573,197101,62193,34405,10216,3325897
91809,Aug-20,951198,1349485,569542,192928,171779,53099,30752,10355,3329138
91809,Sep-20,854916,1236720,512144,164013,154991,51806,27976,9674,3012240
91809,Oct-20,724459,1125742,390597,137487,139100,40764,22740,8343,2589232
91809,Nov-20,720403,934492,366828,190573,133344,36607,22207,9130,2413584
91809,Dec-20,668050,792471,341498,166510,129680,35744,19318,8510,2161781
91809,Jan-21,590211,675289,328480,124616,106412,27967,16351,8164,1877490
91809,Feb-21,632744,801629,347196,134072,201463,30416,17990,8822,2174332
91809,Mar-21,695794,825862,408665,138590,135337,35584,20639,9050,2269521
91809,Apr-21,566167,669505,334794,116585,127230,30873,16852,7791,1869797
91809,May-21,616798,737540,342775,133880,141154,32751,18307,8789,2031994
